student_id,name,gender,age,grade_level,parental_education,study_hours_per_week,attendance_rate,internet_access,extracurricular_activities,test_prep_course,sleep_hours,previous_score,math_score,science_score,english_score,final_score,passed,risk_level
STU1001,Meera Patel,Male,16,Grade 10,Some College,3.9,80.7,Yes,No,Not Completed,8.1,35.9,30.0,31.0,29.0,25.0,No,High
STU1002,Kabir Nair,Female,19,Grade 11,Some College,12.9,88.1,Yes,Yes,Not Completed,6.4,53.5,43.0,55.0,48.0,49.4,No,High
STU1003,Rohan Patel,Female,16,Grade 10,Associate Degree,4.2,83.9,Yes,Yes,Not Completed,7.4,44.7,49.0,36.0,33.0,46.0,No,High
STU1004,Kartik Patel,Female,19,Grade 11,Some College,5.8,72.8,No,No,Completed,8.1,48.5,40.0,45.0,49.0,49.5,No,High
STU1005,Dev Srivastava,Male,15,Grade 10,Some College,7.2,68.8,Yes,No,Not Completed,7.3,48.2,48.0,70.0,41.0,52.0,Yes,High
STU1006,Tara Rao,Male,16,Grade 10,High School,7.6,56.2,Yes,Yes,Not Completed,6.1,35.0,40.0,36.0,30.0,38.8,No,High
STU1007,Tanvi Nair,Female,18,Grade 10,Bachelor's Degree,15.7,85.7,Yes,No,Completed,6.6,52.4,52.0,48.0,49.0,53.5,Yes,High
STU1008,Nikhil Pandey,Male,15,Grade 12,Some College,7.2,55.9,Yes,Yes,Completed,7.1,57.5,53.0,58.0,55.0,49.5,No,High
STU1009,Lavanya Krishnan,Male,15,Grade 12,Master's Degree,11.8,85.5,Yes,Yes,Completed,8.5,63.1,66.0,73.0,66.0,68.4,Yes,Medium
STU1010,Aryan Khan,Female,15,Grade 10,High School,6.4,92.6,Yes,Yes,Completed,7.9,44.7,44.0,53.0,33.0,47.7,No,High
STU1011,Dev Saxena,Female,16,Grade 10,High School,3.1,81.5,Yes,No,Not Completed,8.3,37.3,27.0,44.0,44.0,43.1,No,High
STU1012,Siddharth Dhawan,Male,17,Grade 10,High School,4.4,72.0,Yes,Yes,Completed,6.0,37.6,35.0,39.0,38.0,42.5,No,High
STU1013,Aisha Pandey,Female,17,Grade 12,Bachelor's Degree,27.4,91.8,Yes,Yes,Not Completed,8.1,72.9,74.0,68.0,75.0,76.6,Yes,Low
STU1014,Vikram Mehta,Female,16,Grade 11,Some College,6.5,84.6,Yes,No,Not Completed,7.1,37.1,38.0,40.0,42.0,46.8,No,High
STU1015,Siddharth Dhawan,Female,17,Grade 10,Some College,12.7,78.3,Yes,No,Not Completed,8.0,50.5,49.0,41.0,39.0,46.1,No,High
STU1016,Dev Gupta,Male,18,Grade 11,High School,4.7,63.0,Yes,No,Completed,7.1,35.0,28.0,39.0,29.0,34.7,No,High
STU1017,Vikram Agarwal,Male,16,Grade 12,High School,24.0,89.2,Yes,Yes,Not Completed,7.5,59.4,68.0,55.0,55.0,62.5,Yes,Medium
STU1018,Shreya Sheikh,Male,16,Grade 11,Bachelor's Degree,2.7,64.4,Yes,Yes,Not Completed,7.5,41.9,33.0,40.0,28.0,31.6,No,High
STU1019,Kabir Iyer,Male,19,Grade 11,High School,2.0,75.3,Yes,No,Not Completed,6.5,35.0,34.0,38.0,34.0,30.2,No,High
STU1020,Kritika Sheikh,Male,16,Grade 10,Associate Degree,15.1,84.7,No,Yes,Completed,7.3,57.0,53.0,52.0,51.0,57.1,Yes,Medium
STU1021,Kartik Ghosh,Female,15,Grade 10,High School,13.0,92.7,Yes,No,Not Completed,8.0,41.3,31.0,35.0,47.0,46.7,No,High
STU1022,Diya Mehta,Male,19,Grade 10,Bachelor's Degree,6.1,70.8,No,Yes,Completed,7.4,46.8,45.0,50.0,40.0,54.8,Yes,High
STU1023,Siddharth Jain,Male,19,Grade 11,Some College,14.6,84.0,Yes,No,Completed,7.0,65.1,71.0,60.0,64.0,67.8,Yes,Medium
STU1024,Neha Sharma,Female,19,Grade 11,High School,12.5,91.0,Yes,Yes,Completed,7.3,67.7,70.0,65.0,65.0,63.5,Yes,Medium
STU1025,Tanvi Krishnan,Male,18,Grade 10,High School,5.3,65.9,No,Yes,Completed,7.8,35.4,37.0,35.0,40.0,40.6,No,High
STU1026,Lavanya Sharma,Male,19,Grade 10,Associate Degree,8.2,54.7,No,Yes,Completed,9.4,37.1,29.0,32.0,28.0,29.0,No,High
STU1027,Kartik Nair,Male,19,Grade 12,Associate Degree,2.1,75.6,No,No,Completed,8.6,41.5,37.0,42.0,33.0,41.2,No,High
STU1028,Aditya Verma,Male,16,Grade 12,Bachelor's Degree,7.5,78.1,No,No,Not Completed,7.0,44.1,39.0,47.0,36.0,42.4,No,High
STU1029,Bhavna Sharma,Male,18,Grade 10,Master's Degree,3.3,91.9,Yes,No,Not Completed,6.7,51.1,57.0,57.0,50.0,52.8,Yes,High
STU1030,Meera Khan,Male,16,Grade 10,High School,6.8,80.3,Yes,Yes,Not Completed,5.7,35.0,31.0,39.0,43.0,40.0,No,High
STU1031,Kavya Joshi,Female,18,Grade 10,Some College,13.1,84.0,Yes,No,Not Completed,7.9,58.4,45.0,56.0,56.0,48.9,No,High
STU1032,Varun Malhotra,Female,18,Grade 12,Some College,10.3,92.0,Yes,Yes,Completed,6.9,52.8,46.0,43.0,62.0,52.0,Yes,High
STU1033,Ishaan Tiwari,Male,16,Grade 12,High School,10.4,79.2,Yes,Yes,Completed,6.3,66.4,61.0,60.0,51.0,61.8,Yes,Medium
STU1034,Aditya Mishra,Male,17,Grade 11,Bachelor's Degree,4.3,74.9,Yes,Yes,Completed,6.3,44.4,54.0,49.0,43.0,56.3,Yes,Medium
STU1035,Bhavna Srivastava,Female,16,Grade 10,High School,23.9,89.9,Yes,Yes,Completed,6.3,72.3,70.0,68.0,68.0,67.3,Yes,Medium
STU1036,Vikram Rao,Female,19,Grade 12,High School,5.4,84.1,Yes,Yes,Not Completed,6.7,35.0,29.0,39.0,37.0,33.9,No,High
STU1037,Dev Choudhary,Female,15,Grade 12,Master's Degree,20.9,92.6,Yes,Yes,Completed,5.9,70.3,72.0,60.0,69.0,79.0,Yes,Low
STU1038,Ananya Choudhary,Female,15,Grade 11,High School,2.7,68.2,Yes,Yes,Not Completed,7.6,35.0,36.0,30.0,34.0,34.9,No,High
STU1039,Vikram Iyer,Male,18,Grade 10,Associate Degree,7.4,86.1,Yes,Yes,Completed,6.6,54.4,58.0,51.0,60.0,54.8,Yes,High
STU1040,Varun Malhotra,Male,16,Grade 11,Some College,2.0,70.7,Yes,No,Not Completed,5.4,40.5,41.0,36.0,43.0,50.6,Yes,High
STU1041,Manav Banerjee,Female,15,Grade 12,Bachelor's Degree,5.9,66.4,Yes,No,Completed,7.4,57.5,52.0,53.0,52.0,56.3,Yes,Medium
STU1042,Tara Pandey,Male,18,Grade 11,Associate Degree,13.1,65.9,No,Yes,Not Completed,7.7,43.5,43.0,34.0,56.0,45.0,No,High
STU1043,Ananya Nair,Female,18,Grade 12,High School,18.8,82.4,Yes,No,Not Completed,5.7,54.9,58.0,71.0,56.0,59.8,Yes,Medium
STU1044,Tanvi Nair,Female,16,Grade 10,Some College,7.3,99.0,Yes,No,Not Completed,6.7,40.9,37.0,38.0,28.0,39.1,No,High
STU1045,Varun Srivastava,Female,18,Grade 10,Master's Degree,13.8,84.4,Yes,Yes,Completed,7.6,68.1,66.0,61.0,66.0,61.5,Yes,Medium
STU1046,Simran Pillai,Female,15,Grade 11,Bachelor's Degree,11.3,96.6,Yes,Yes,Not Completed,8.4,46.4,42.0,42.0,36.0,40.9,No,High
STU1047,Neha Nair,Female,19,Grade 10,Associate Degree,6.4,82.8,Yes,No,Completed,7.0,54.3,51.0,56.0,46.0,51.4,Yes,High
STU1048,Sneha Iyer,Female,18,Grade 11,High School,6.9,80.5,Yes,Yes,Not Completed,7.4,35.0,40.0,33.0,30.0,42.0,No,High
STU1049,Aman Agarwal,Male,15,Grade 10,Some College,15.3,49.4,Yes,No,Not Completed,4.6,48.0,45.0,44.0,54.0,55.0,Yes,Medium
STU1050,Siddharth Sharma,Male,17,Grade 11,Some College,11.3,72.0,No,Yes,Not Completed,7.4,35.0,40.0,37.0,35.0,43.5,No,High
STU1051,Aryan Menon,Male,16,Grade 10,Associate Degree,4.2,80.6,Yes,No,Completed,4.4,41.6,44.0,30.0,35.0,45.0,No,High
STU1052,Aryan Agarwal,Female,19,Grade 12,Some College,4.6,92.0,Yes,Yes,Completed,6.4,53.0,68.0,51.0,58.0,58.1,Yes,Medium
STU1053,Varun Singh,Male,15,Grade 10,High School,8.7,95.0,Yes,No,Completed,6.6,45.1,51.0,35.0,42.0,50.7,Yes,High
STU1054,Kritika Das,Female,15,Grade 12,Bachelor's Degree,8.5,77.4,Yes,Yes,Not Completed,7.5,50.0,49.0,40.0,42.0,50.1,Yes,High
STU1055,Sneha Kapoor,Female,19,Grade 10,Master's Degree,14.1,94.5,Yes,No,Completed,7.6,70.4,68.0,71.0,56.0,64.1,Yes,Medium
STU1056,Kavya Sheikh,Female,19,Grade 10,Associate Degree,13.5,63.9,Yes,No,Not Completed,6.4,56.0,69.0,52.0,51.0,63.4,Yes,Medium
STU1057,Kritika Gupta,Female,18,Grade 12,Some College,4.6,93.7,Yes,Yes,Not Completed,5.8,35.0,25.0,26.0,38.0,32.9,No,High
STU1058,Kritika Deshmukh,Male,16,Grade 12,Bachelor's Degree,4.8,94.4,Yes,No,Not Completed,7.3,65.0,57.0,59.0,59.0,57.7,Yes,Medium
STU1059,Karan Iyer,Male,18,Grade 10,Bachelor's Degree,5.9,85.4,Yes,Yes,Not Completed,5.7,44.2,37.0,59.0,48.0,46.1,No,High
STU1060,Pooja Pillai,Male,15,Grade 10,Bachelor's Degree,8.7,72.6,Yes,Yes,Completed,7.0,66.1,59.0,66.0,63.0,66.8,Yes,Medium
STU1061,Lavanya Nair,Female,19,Grade 10,Some College,14.6,96.4,Yes,No,Not Completed,7.5,60.2,62.0,62.0,63.0,67.8,Yes,Medium
STU1062,Kartik Tiwari,Female,17,Grade 10,Bachelor's Degree,16.9,89.2,Yes,No,Not Completed,7.2,63.3,51.0,67.0,65.0,70.0,Yes,Medium
STU1063,Kavya Khan,Male,16,Grade 11,Bachelor's Degree,9.2,63.7,Yes,No,Not Completed,5.4,43.7,39.0,40.0,43.0,34.3,No,High
STU1064,Varun Mishra,Female,19,Grade 11,Associate Degree,13.0,89.0,Yes,Yes,Not Completed,6.4,67.0,54.0,50.0,67.0,55.8,Yes,Medium
STU1065,Arjun Malhotra,Male,15,Grade 10,Associate Degree,14.0,89.5,Yes,No,Not Completed,5.7,62.5,58.0,56.0,56.0,58.6,Yes,Medium
STU1066,Neha Verma,Male,17,Grade 12,Some College,6.9,84.9,Yes,No,Not Completed,7.7,52.5,51.0,56.0,50.0,59.7,Yes,Medium
STU1067,Nisha Rao,Female,17,Grade 12,High School,9.7,86.7,Yes,No,Completed,7.0,52.3,50.0,50.0,46.0,60.8,Yes,Medium
STU1068,Shreya Tiwari,Female,15,Grade 12,Some College,5.9,78.7,Yes,Yes,Not Completed,7.0,35.0,44.0,40.0,32.0,41.8,No,High
STU1069,Tara Dhawan,Female,15,Grade 11,Some College,4.6,84.3,Yes,No,Not Completed,6.2,38.6,34.0,39.0,32.0,45.6,No,High
STU1070,Kabir Tiwari,Female,18,Grade 12,Bachelor's Degree,9.6,63.8,No,Yes,Not Completed,9.3,37.2,47.0,37.0,32.0,38.7,No,High
STU1071,Tara Sharma,Female,15,Grade 12,Bachelor's Degree,4.2,45.0,Yes,No,Not Completed,6.9,35.0,37.0,30.0,35.0,38.7,No,High
STU1072,Diya Gupta,Male,19,Grade 12,Bachelor's Degree,7.4,82.6,Yes,No,Not Completed,8.9,46.5,52.0,45.0,44.0,52.8,Yes,High
STU1073,Diya Menon,Female,15,Grade 11,Some College,12.0,66.3,Yes,No,Completed,7.9,54.0,49.0,41.0,52.0,47.1,No,High
STU1074,Aisha Gupta,Male,16,Grade 12,Associate Degree,13.6,69.8,Yes,No,Completed,6.5,59.8,56.0,61.0,58.0,52.9,Yes,High
STU1075,Kavya Nair,Male,19,Grade 11,Some College,6.8,93.5,Yes,No,Not Completed,7.6,54.7,51.0,56.0,60.0,55.9,Yes,Medium
STU1076,Ritu Verma,Female,16,Grade 10,High School,9.7,89.4,Yes,Yes,Not Completed,7.1,35.0,40.0,36.0,40.0,30.4,No,High
STU1077,Manav Patel,Female,17,Grade 11,Some College,4.6,92.4,No,Yes,Not Completed,7.7,46.8,43.0,49.0,39.0,46.8,No,High
STU1078,Kavya Dhawan,Female,15,Grade 11,Associate Degree,20.6,78.7,Yes,Yes,Not Completed,8.8,54.4,54.0,47.0,52.0,53.6,Yes,High
STU1079,Rohan Das,Female,16,Grade 11,Bachelor's Degree,9.5,97.6,Yes,No,Not Completed,6.0,64.8,60.0,64.0,56.0,56.9,Yes,Medium
STU1080,Nikhil Mishra,Female,16,Grade 10,Associate Degree,2.6,76.0,Yes,No,Not Completed,6.2,52.2,56.0,48.0,35.0,58.0,Yes,Medium
STU1081,Aditya Sheikh,Male,17,Grade 10,High School,3.8,45.0,Yes,No,Not Completed,7.8,35.0,36.0,33.0,37.0,35.2,No,High
STU1082,Simran Pandey,Male,19,Grade 11,Some College,4.4,91.5,Yes,No,Completed,5.9,50.5,52.0,42.0,49.0,45.0,No,High
STU1083,Priya Krishnan,Male,16,Grade 12,Bachelor's Degree,8.7,56.0,Yes,No,Not Completed,6.9,48.8,49.0,45.0,49.0,49.4,No,High
STU1084,Rahul Gupta,Female,19,Grade 11,Some College,3.4,71.0,Yes,No,Not Completed,6.3,37.1,29.0,51.0,28.0,39.4,No,High
STU1085,Nikhil Deshmukh,Male,19,Grade 12,Bachelor's Degree,6.4,70.3,Yes,Yes,Not Completed,8.8,45.7,43.0,47.0,39.0,38.8,No,High
STU1086,Meera Jain,Female,17,Grade 10,Bachelor's Degree,2.1,88.9,Yes,Yes,Not Completed,6.4,39.0,33.0,29.0,38.0,33.8,No,High
STU1087,Tara Sharma,Female,17,Grade 11,High School,5.5,80.7,Yes,No,Not Completed,9.3,43.0,54.0,40.0,52.0,50.7,Yes,High
STU1088,Vikram Rao,Male,15,Grade 12,Master's Degree,5.3,66.7,Yes,No,Completed,8.2,55.4,45.0,52.0,60.0,52.3,Yes,High
STU1089,Pooja Mishra,Male,17,Grade 11,Associate Degree,5.0,77.5,Yes,Yes,Completed,7.6,45.9,42.0,45.0,48.0,43.0,No,High
STU1090,Aryan Malhotra,Female,18,Grade 12,Some College,2.7,85.7,No,Yes,Not Completed,7.1,35.1,40.0,32.0,35.0,40.5,No,High
STU1091,Siddharth Kapoor,Male,18,Grade 12,Bachelor's Degree,5.9,91.5,Yes,No,Completed,8.4,73.4,68.0,67.0,74.0,59.6,Yes,Medium
STU1092,Aarav Mishra,Male,16,Grade 11,High School,8.2,84.1,Yes,Yes,Completed,5.7,54.9,63.0,62.0,51.0,66.1,Yes,Medium
STU1093,Kritika Deshmukh,Male,18,Grade 11,High School,5.7,75.9,Yes,No,Not Completed,6.3,35.0,40.0,37.0,47.0,38.7,No,High
STU1094,Nisha Das,Female,15,Grade 11,Bachelor's Degree,7.0,91.8,Yes,No,Completed,6.4,44.5,38.0,46.0,34.0,43.7,No,High
STU1095,Kartik Rao,Female,16,Grade 12,High School,4.3,93.2,Yes,Yes,Completed,7.0,44.5,26.0,45.0,44.0,45.6,No,High
STU1096,Pooja Choudhary,Female,16,Grade 10,Some College,3.9,70.1,No,No,Not Completed,7.0,35.0,36.0,29.0,46.0,39.0,No,High
STU1097,Rohan Iyer,Male,19,Grade 10,High School,9.0,88.6,Yes,No,Not Completed,8.4,43.1,38.0,44.0,37.0,39.7,No,High
STU1098,Lavanya Bhatt,Female,18,Grade 11,High School,12.5,70.3,Yes,No,Not Completed,7.5,56.6,49.0,61.0,55.0,55.9,Yes,Medium
STU1099,Zara Iyer,Female,15,Grade 10,Associate Degree,11.7,79.1,Yes,Yes,Not Completed,6.8,54.2,53.0,49.0,50.0,52.9,Yes,High
STU1100,Tara Choudhary,Female,19,Grade 11,Associate Degree,7.2,80.8,Yes,No,Not Completed,7.5,50.3,52.0,57.0,49.0,48.8,No,High
STU1101,Ananya Iyer,Female,18,Grade 10,Master's Degree,7.5,81.3,Yes,Yes,Not Completed,5.4,40.1,39.0,52.0,42.0,47.6,No,High
STU1102,Lavanya Deshmukh,Male,19,Grade 12,Bachelor's Degree,12.6,81.0,No,Yes,Not Completed,6.4,54.5,63.0,56.0,45.0,58.4,Yes,Medium
STU1103,Kartik Menon,Male,16,Grade 12,Some College,9.2,96.8,Yes,No,Not Completed,5.8,46.5,30.0,49.0,47.0,37.9,No,High
STU1104,Aman Srivastava,Male,16,Grade 12,Some College,16.3,91.7,Yes,No,Completed,8.7,78.2,89.0,84.0,81.0,86.3,Yes,Low
STU1105,Simran Ghosh,Female,17,Grade 11,Some College,7.9,77.0,Yes,Yes,Not Completed,6.3,40.3,32.0,33.0,38.0,38.7,No,High
STU1106,Vikram Saxena,Female,17,Grade 11,Bachelor's Degree,8.8,88.2,Yes,Yes,Not Completed,7.3,45.4,46.0,34.0,37.0,40.5,No,High
STU1107,Karan Joshi,Female,16,Grade 10,Associate Degree,11.9,88.4,Yes,Yes,Not Completed,7.0,64.9,73.0,60.0,59.0,67.2,Yes,Medium
STU1108,Siddharth Verma,Female,15,Grade 11,Associate Degree,9.8,89.9,No,Yes,Completed,6.0,54.4,63.0,49.0,52.0,57.3,Yes,Medium
STU1109,Manav Rao,Male,18,Grade 10,Some College,3.9,82.4,Yes,Yes,Completed,7.9,40.5,41.0,30.0,42.0,40.3,No,High
STU1110,Nisha Bhatt,Male,19,Grade 12,Associate Degree,4.8,72.2,Yes,Yes,Not Completed,6.5,38.3,37.0,40.0,48.0,42.4,No,High
STU1111,Priya Jain,Male,15,Grade 11,Some College,4.8,52.6,Yes,Yes,Not Completed,6.8,38.9,32.0,32.0,34.0,29.7,No,High
STU1112,Pooja Jain,Male,19,Grade 12,Bachelor's Degree,3.1,86.5,No,No,Completed,7.6,49.1,41.0,48.0,52.0,44.8,No,High
STU1113,Varun Choudhary,Male,16,Grade 11,Associate Degree,7.9,92.0,Yes,Yes,Not Completed,9.1,57.2,51.0,64.0,55.0,61.6,Yes,Medium
STU1114,Tara Ghosh,Female,18,Grade 11,High School,13.1,87.7,Yes,Yes,Completed,7.5,60.2,63.0,57.0,51.0,56.0,Yes,Medium
STU1115,Zara Mehta,Male,16,Grade 12,Bachelor's Degree,8.9,84.6,Yes,No,Completed,6.8,65.7,71.0,82.0,67.0,74.3,Yes,Medium
STU1116,Varun Patel,Male,19,Grade 12,High School,4.8,64.2,Yes,No,Not Completed,7.4,35.0,25.0,30.0,40.0,35.1,No,High
STU1117,Priya Joshi,Male,16,Grade 11,Bachelor's Degree,4.7,83.9,Yes,No,Not Completed,8.1,43.9,45.0,42.0,37.0,45.6,No,High
STU1118,Riya Singh,Male,18,Grade 11,Associate Degree,14.5,80.5,Yes,No,Not Completed,7.6,43.0,42.0,49.0,33.0,47.0,No,High
STU1119,Nisha Pillai,Male,17,Grade 11,Associate Degree,11.3,76.1,Yes,Yes,Not Completed,4.6,54.3,48.0,52.0,54.0,52.7,Yes,High
STU1120,Simran Bhatt,Male,15,Grade 11,Some College,6.1,76.2,No,Yes,Not Completed,6.4,35.0,34.0,25.0,32.0,27.1,No,High
STU1121,Priya Singh,Male,16,Grade 12,Some College,11.9,74.1,Yes,Yes,Completed,7.1,61.7,52.0,62.0,65.0,61.0,Yes,Medium
STU1122,Vikram Gupta,Female,16,Grade 10,Bachelor's Degree,11.2,80.2,No,Yes,Not Completed,6.6,56.3,66.0,48.0,59.0,54.8,Yes,High
STU1123,Priya Verma,Female,16,Grade 11,Some College,8.1,82.7,Yes,No,Completed,6.2,45.2,39.0,44.0,41.0,40.9,No,High
STU1124,Meera Agarwal,Male,17,Grade 11,Master's Degree,7.0,81.1,Yes,Yes,Completed,6.3,65.3,58.0,67.0,79.0,68.1,Yes,Medium
STU1125,Ishaan Krishnan,Female,17,Grade 10,Some College,7.1,72.8,No,Yes,Not Completed,6.2,35.0,25.0,25.0,35.0,32.9,No,High
STU1126,Kritika Patel,Male,19,Grade 12,Associate Degree,12.8,77.1,Yes,Yes,Not Completed,6.3,46.0,42.0,55.0,41.0,49.7,No,High
STU1127,Siddharth Sheikh,Female,15,Grade 12,Associate Degree,7.2,97.6,No,No,Not Completed,6.3,50.0,39.0,49.0,48.0,47.3,No,High
STU1128,Kavya Nair,Male,19,Grade 10,Some College,26.8,97.0,Yes,No,Not Completed,7.8,81.5,72.0,72.0,72.0,71.5,Yes,Medium
STU1129,Akash Gupta,Male,19,Grade 11,Bachelor's Degree,16.2,79.8,Yes,No,Not Completed,5.8,56.4,46.0,53.0,52.0,54.5,Yes,High
STU1130,Aisha Reddy,Male,15,Grade 11,High School,8.1,83.0,Yes,No,Completed,6.2,62.1,56.0,60.0,53.0,57.5,Yes,Medium
STU1131,Shreya Nair,Male,17,Grade 12,Master's Degree,6.0,80.1,Yes,Yes,Not Completed,7.8,47.2,53.0,48.0,45.0,52.4,Yes,High
STU1132,Lavanya Verma,Male,16,Grade 12,Some College,10.5,45.0,Yes,Yes,Completed,7.3,35.3,27.0,35.0,37.0,36.6,No,High
STU1133,Bhavna Dhawan,Male,18,Grade 11,High School,2.3,77.4,Yes,Yes,Not Completed,8.0,35.0,29.0,25.0,35.0,33.7,No,High
STU1134,Kritika Dhawan,Male,16,Grade 10,Bachelor's Degree,18.7,76.5,No,No,Completed,7.4,64.5,69.0,62.0,51.0,66.7,Yes,Medium
STU1135,Simran Srivastava,Female,18,Grade 12,Some College,11.1,81.3,Yes,No,Not Completed,7.6,48.8,45.0,46.0,46.0,52.1,Yes,High
STU1136,Ritu Jain,Male,15,Grade 11,Bachelor's Degree,7.3,65.5,Yes,Yes,Completed,6.7,58.1,51.0,50.0,52.0,48.9,No,High
STU1137,Karan Kapoor,Male,16,Grade 11,High School,12.4,76.8,Yes,No,Not Completed,7.4,52.2,49.0,44.0,49.0,45.8,No,High
STU1138,Rahul Rao,Male,19,Grade 12,Some College,7.1,78.5,Yes,Yes,Not Completed,7.7,41.4,40.0,39.0,35.0,36.7,No,High
STU1139,Simran Sharma,Female,15,Grade 10,Some College,5.0,72.5,Yes,Yes,Not Completed,7.1,39.5,47.0,29.0,28.0,38.7,No,High
STU1140,Manav Ghosh,Female,18,Grade 12,Associate Degree,5.4,73.2,Yes,Yes,Completed,7.6,44.7,49.0,31.0,43.0,44.4,No,High
STU1141,Shreya Srivastava,Female,15,Grade 11,High School,4.4,78.2,Yes,No,Completed,7.9,39.4,33.0,36.0,30.0,32.8,No,High
STU1142,Dev Sheikh,Female,17,Grade 12,Bachelor's Degree,13.4,81.1,Yes,No,Not Completed,7.8,65.4,53.0,67.0,58.0,60.4,Yes,Medium
STU1143,Kritika Khan,Male,19,Grade 12,Bachelor's Degree,8.2,59.7,Yes,Yes,Completed,7.0,53.8,41.0,36.0,48.0,37.0,No,High
STU1144,Nikhil Menon,Male,17,Grade 12,Some College,14.8,84.7,Yes,No,Not Completed,9.3,49.5,44.0,57.0,52.0,56.6,Yes,Medium
STU1145,Lavanya Dhawan,Male,17,Grade 10,Some College,3.3,84.7,Yes,Yes,Not Completed,7.8,37.0,34.0,29.0,28.0,33.6,No,High
STU1146,Meera Banerjee,Male,15,Grade 12,Associate Degree,7.6,56.8,Yes,No,Not Completed,7.2,36.6,36.0,42.0,31.0,28.8,No,High
STU1147,Varun Kapoor,Female,16,Grade 12,Some College,9.1,95.9,Yes,No,Not Completed,6.8,59.9,46.0,52.0,57.0,47.0,No,High
STU1148,Aman Dhawan,Male,15,Grade 10,Bachelor's Degree,5.2,75.4,Yes,Yes,Completed,7.1,54.2,45.0,55.0,61.0,54.8,Yes,High
STU1149,Aryan Choudhary,Male,16,Grade 11,Associate Degree,6.4,61.7,Yes,Yes,Not Completed,6.6,39.2,31.0,53.0,28.0,39.4,No,High
STU1150,Aarav Malhotra,Male,15,Grade 10,Associate Degree,5.8,56.5,Yes,Yes,Not Completed,4.9,38.4,39.0,38.0,39.0,37.6,No,High
STU1151,Neha Saxena,Female,18,Grade 10,Associate Degree,2.7,82.5,No,No,Not Completed,7.5,37.2,31.0,39.0,47.0,40.1,No,High
STU1152,Aarav Saxena,Male,18,Grade 11,High School,15.9,87.3,Yes,Yes,Not Completed,8.7,57.4,46.0,51.0,49.0,52.5,Yes,High
STU1153,Tanvi Kapoor,Female,17,Grade 11,High School,11.5,87.2,Yes,Yes,Not Completed,6.3,56.2,63.0,50.0,43.0,58.8,Yes,Medium
STU1154,Meera Reddy,Male,18,Grade 10,Bachelor's Degree,9.9,81.8,Yes,Yes,Completed,6.3,61.3,57.0,49.0,71.0,61.1,Yes,Medium
STU1155,Akash Singh,Female,16,Grade 12,Bachelor's Degree,26.4,88.4,Yes,No,Not Completed,5.4,72.4,60.0,73.0,75.0,67.0,Yes,Medium
STU1156,Pooja Joshi,Female,15,Grade 12,High School,8.0,89.7,Yes,No,Completed,8.1,53.7,58.0,48.0,42.0,55.1,Yes,Medium
STU1157,Manav Choudhary,Male,18,Grade 11,High School,5.1,57.7,Yes,Yes,Completed,7.9,43.5,45.0,39.0,35.0,46.7,No,High
STU1158,Pooja Menon,Male,19,Grade 12,Associate Degree,2.5,86.2,Yes,No,Completed,7.7,41.2,47.0,33.0,37.0,43.5,No,High
STU1159,Ananya Nair,Female,16,Grade 11,Associate Degree,8.6,77.0,Yes,No,Not Completed,7.9,42.6,37.0,34.0,44.0,43.4,No,High
STU1160,Sneha Mehta,Female,16,Grade 12,Bachelor's Degree,11.1,77.3,Yes,Yes,Not Completed,6.4,51.5,52.0,55.0,43.0,52.4,Yes,High
STU1161,Vikram Mehta,Female,18,Grade 11,Master's Degree,15.4,89.0,Yes,Yes,Not Completed,6.5,58.5,60.0,54.0,63.0,62.5,Yes,Medium
STU1162,Suresh Das,Male,15,Grade 10,Some College,14.0,89.1,Yes,Yes,Not Completed,6.3,61.8,53.0,55.0,58.0,53.9,Yes,High
STU1163,Aryan Saxena,Male,15,Grade 12,Some College,12.8,81.7,Yes,No,Not Completed,6.6,42.5,37.0,43.0,35.0,37.3,No,High
STU1164,Dev Tiwari,Female,18,Grade 10,Some College,3.4,63.7,Yes,Yes,Not Completed,6.3,35.0,29.0,25.0,33.0,34.8,No,High
STU1165,Varun Choudhary,Female,17,Grade 10,Master's Degree,3.5,79.5,Yes,No,Completed,7.9,47.1,50.0,56.0,38.0,46.5,No,High
STU1166,Vikram Singh,Female,17,Grade 12,Associate Degree,7.0,91.5,Yes,Yes,Not Completed,8.9,48.8,50.0,45.0,49.0,47.1,No,High
STU1167,Akash Saxena,Male,15,Grade 11,Bachelor's Degree,7.3,77.6,Yes,Yes,Not Completed,5.6,51.6,45.0,52.0,51.0,49.4,No,High
STU1168,Pooja Sheikh,Male,19,Grade 12,Bachelor's Degree,5.2,52.5,Yes,Yes,Not Completed,6.7,38.6,40.0,28.0,38.0,41.8,No,High
STU1169,Shreya Srivastava,Female,19,Grade 10,Bachelor's Degree,11.4,87.9,Yes,Yes,Completed,7.3,68.3,63.0,76.0,58.0,69.2,Yes,Medium
STU1170,Tara Deshmukh,Male,15,Grade 10,Bachelor's Degree,2.7,74.6,Yes,Yes,Completed,5.0,53.6,51.0,54.0,49.0,59.3,Yes,Medium
STU1171,Dev Patel,Male,19,Grade 10,Some College,4.2,93.4,Yes,Yes,Completed,5.8,47.3,66.0,55.0,37.0,51.0,Yes,High
STU1172,Riya Das,Male,17,Grade 10,Bachelor's Degree,5.3,94.9,No,No,Completed,5.5,61.5,43.0,50.0,59.0,54.1,Yes,High
STU1173,Kritika Menon,Male,15,Grade 11,Bachelor's Degree,12.3,58.7,Yes,Yes,Not Completed,6.5,45.0,50.0,50.0,36.0,46.4,No,High
STU1174,Nikhil Bhatt,Male,17,Grade 12,High School,6.7,83.1,Yes,Yes,Not Completed,5.3,36.7,30.0,36.0,38.0,29.1,No,High
STU1175,Arjun Mehta,Male,18,Grade 12,Some College,16.0,76.3,Yes,No,Not Completed,5.9,52.9,44.0,53.0,45.0,47.0,No,High
STU1176,Shreya Saxena,Male,19,Grade 10,Associate Degree,6.0,99.0,Yes,Yes,Not Completed,7.3,63.0,67.0,53.0,66.0,68.7,Yes,Medium
STU1177,Lavanya Joshi,Male,17,Grade 11,Bachelor's Degree,8.5,69.1,Yes,No,Not Completed,6.1,45.5,52.0,41.0,43.0,47.0,No,High
STU1178,Meera Sheikh,Female,19,Grade 11,High School,6.8,84.6,Yes,No,Not Completed,6.4,35.3,29.0,25.0,28.0,30.7,No,High
STU1179,Manav Singh,Female,19,Grade 11,Some College,5.5,78.4,Yes,Yes,Completed,7.7,52.6,45.0,52.0,53.0,56.7,Yes,Medium
STU1180,Ritu Ghosh,Male,15,Grade 10,Bachelor's Degree,11.8,73.3,Yes,Yes,Not Completed,8.7,53.5,52.0,56.0,60.0,59.0,Yes,Medium
STU1181,Simran Malhotra,Male,18,Grade 12,Associate Degree,9.4,93.2,Yes,Yes,Completed,6.6,52.5,50.0,57.0,45.0,59.4,Yes,Medium
STU1182,Shreya Krishnan,Female,19,Grade 10,Bachelor's Degree,13.9,84.0,Yes,Yes,Completed,6.9,59.5,61.0,47.0,61.0,61.6,Yes,Medium
STU1183,Ishaan Mishra,Female,19,Grade 11,Bachelor's Degree,10.6,55.4,Yes,Yes,Not Completed,7.4,35.0,34.0,32.0,38.0,34.2,No,High
STU1184,Sneha Choudhary,Female,18,Grade 10,Bachelor's Degree,11.3,85.9,Yes,Yes,Not Completed,7.7,62.1,53.0,63.0,62.0,59.4,Yes,Medium
STU1185,Diya Ghosh,Male,19,Grade 12,High School,5.9,92.0,Yes,Yes,Completed,7.7,59.3,59.0,65.0,69.0,68.9,Yes,Medium
STU1186,Simran Bhatt,Male,18,Grade 10,Bachelor's Degree,18.6,92.5,Yes,No,Not Completed,7.4,53.6,55.0,58.0,48.0,56.5,Yes,Medium
STU1187,Lavanya Verma,Male,16,Grade 12,Some College,14.5,87.2,Yes,No,Completed,5.6,64.8,54.0,54.0,64.0,56.5,Yes,Medium
STU1188,Kartik Malhotra,Female,17,Grade 11,Associate Degree,19.1,69.5,Yes,No,Not Completed,4.2,54.5,53.0,45.0,55.0,50.5,Yes,High
STU1189,Tanvi Dhawan,Female,17,Grade 12,Associate Degree,2.4,93.1,No,No,Not Completed,6.8,43.0,38.0,41.0,43.0,40.2,No,High
STU1190,Pooja Ghosh,Female,18,Grade 12,Bachelor's Degree,13.2,82.8,Yes,Yes,Completed,6.8,59.8,56.0,47.0,54.0,52.7,Yes,High
STU1191,Aman Pandey,Male,19,Grade 12,High School,2.5,90.6,Yes,Yes,Not Completed,6.2,36.4,37.0,41.0,33.0,33.1,No,High
STU1192,Siddharth Pillai,Male,16,Grade 12,Associate Degree,7.3,92.9,Yes,Yes,Not Completed,6.9,45.3,49.0,40.0,43.0,44.8,No,High
STU1193,Kavya Jain,Female,18,Grade 10,Some College,10.6,91.7,Yes,No,Not Completed,7.9,44.2,38.0,55.0,42.0,34.3,No,High
STU1194,Karan Das,Male,18,Grade 12,Bachelor's Degree,3.0,66.9,Yes,Yes,Completed,9.1,56.3,69.0,53.0,56.0,53.3,Yes,High
STU1195,Diya Ghosh,Female,16,Grade 12,Some College,4.6,92.2,Yes,Yes,Not Completed,6.2,44.7,46.0,41.0,37.0,42.9,No,High
STU1196,Kritika Rao,Female,18,Grade 10,High School,14.5,79.0,Yes,Yes,Not Completed,6.1,43.7,45.0,51.0,38.0,48.7,No,High
STU1197,Bhavna Pillai,Female,16,Grade 11,Some College,5.1,87.9,Yes,Yes,Not Completed,6.2,43.1,32.0,55.0,33.0,47.7,No,High
STU1198,Diya Reddy,Male,17,Grade 11,High School,6.4,91.0,No,Yes,Not Completed,4.7,49.9,45.0,50.0,48.0,48.3,No,High
STU1199,Ritu Sheikh,Female,17,Grade 12,High School,9.1,59.0,Yes,Yes,Not Completed,6.5,40.1,30.0,44.0,39.0,35.6,No,High
STU1200,Varun Jain,Male,18,Grade 12,High School,7.2,87.3,Yes,No,Not Completed,6.9,44.5,53.0,50.0,48.0,50.7,Yes,High
STU1201,Rohan Reddy,Female,17,Grade 10,Master's Degree,9.5,73.7,No,Yes,Completed,8.1,54.5,46.0,47.0,45.0,45.5,No,High
STU1202,Sneha Menon,Female,15,Grade 11,Master's Degree,3.8,70.7,Yes,Yes,Not Completed,8.3,48.0,49.0,57.0,40.0,56.9,Yes,Medium
STU1203,Ishaan Mishra,Female,15,Grade 11,Some College,6.8,89.6,Yes,No,Completed,6.5,55.4,65.0,53.0,42.0,59.4,Yes,Medium
STU1204,Ananya Saxena,Male,17,Grade 11,Some College,2.7,92.2,Yes,No,Not Completed,7.3,49.6,52.0,50.0,38.0,46.2,No,High
STU1205,Diya Iyer,Male,19,Grade 12,High School,10.2,93.3,Yes,Yes,Not Completed,6.9,51.4,63.0,38.0,53.0,53.9,Yes,High
STU1206,Riya Mehta,Female,15,Grade 12,Some College,10.1,86.0,Yes,Yes,Not Completed,8.2,45.9,43.0,54.0,36.0,41.5,No,High
STU1207,Siddharth Iyer,Male,19,Grade 10,Bachelor's Degree,4.0,61.2,Yes,No,Not Completed,6.9,35.0,25.0,37.0,32.0,34.1,No,High
STU1208,Dev Pillai,Male,18,Grade 11,High School,20.2,79.1,Yes,No,Completed,5.9,62.7,64.0,62.0,57.0,62.5,Yes,Medium
STU1209,Aarav Pillai,Male,19,Grade 10,Some College,2.0,97.0,Yes,Yes,Not Completed,8.5,49.8,56.0,47.0,44.0,51.0,Yes,High
STU1210,Vikram Srivastava,Male,19,Grade 11,Bachelor's Degree,6.5,78.5,Yes,Yes,Not Completed,7.2,50.9,39.0,61.0,50.0,57.3,Yes,Medium
STU1211,Tara Tiwari,Male,17,Grade 10,Associate Degree,17.6,77.3,Yes,Yes,Not Completed,8.4,61.1,55.0,76.0,43.0,61.7,Yes,Medium
STU1212,Siddharth Das,Female,16,Grade 11,Some College,2.4,93.2,Yes,No,Not Completed,6.2,47.1,56.0,53.0,41.0,54.7,Yes,High
STU1213,Akash Pandey,Male,17,Grade 10,Master's Degree,10.1,97.5,Yes,Yes,Not Completed,8.4,55.2,51.0,46.0,55.0,51.7,Yes,High
STU1214,Zara Dhawan,Female,19,Grade 12,Bachelor's Degree,5.9,80.0,Yes,Yes,Not Completed,6.9,46.4,32.0,55.0,45.0,47.1,No,High
STU1215,Ananya Ghosh,Male,16,Grade 12,Some College,4.2,91.5,Yes,No,Completed,7.1,55.4,49.0,40.0,50.0,51.7,Yes,High
STU1216,Nikhil Choudhary,Female,19,Grade 11,High School,4.9,78.7,Yes,Yes,Not Completed,6.3,40.2,35.0,34.0,32.0,29.7,No,High
STU1217,Kabir Nair,Female,17,Grade 11,Associate Degree,17.1,69.4,Yes,Yes,Not Completed,6.6,58.4,47.0,60.0,62.0,54.0,Yes,High
STU1218,Rohan Khan,Female,15,Grade 11,High School,14.4,95.4,No,Yes,Not Completed,8.0,61.6,56.0,65.0,73.0,62.5,Yes,Medium
STU1219,Karan Bhatt,Female,16,Grade 10,Some College,2.2,64.2,Yes,Yes,Not Completed,7.6,35.6,29.0,39.0,32.0,33.2,No,High
STU1220,Varun Khan,Male,16,Grade 11,Associate Degree,12.6,80.6,Yes,No,Completed,5.8,64.9,71.0,68.0,64.0,63.7,Yes,Medium
STU1221,Aman Saxena,Male,15,Grade 11,Bachelor's Degree,6.7,71.1,Yes,Yes,Not Completed,7.0,53.1,35.0,48.0,46.0,44.7,No,High
STU1222,Vikram Verma,Female,18,Grade 12,High School,8.3,69.8,Yes,No,Completed,6.8,51.0,52.0,44.0,50.0,42.1,No,High
STU1223,Aisha Joshi,Male,15,Grade 11,Associate Degree,8.4,84.2,Yes,Yes,Not Completed,7.3,55.8,65.0,62.0,46.0,51.7,Yes,High
STU1224,Varun Krishnan,Male,17,Grade 12,High School,11.5,73.6,Yes,Yes,Completed,6.0,59.7,65.0,59.0,58.0,63.1,Yes,Medium
STU1225,Rahul Jain,Male,15,Grade 12,Associate Degree,8.4,92.7,Yes,Yes,Completed,6.3,59.3,58.0,65.0,57.0,59.2,Yes,Medium
STU1226,Dev Das,Female,19,Grade 12,Some College,13.3,76.1,Yes,Yes,Not Completed,8.2,55.5,56.0,56.0,64.0,58.5,Yes,Medium
STU1227,Karan Choudhary,Female,18,Grade 12,Associate Degree,6.0,74.3,Yes,Yes,Not Completed,6.7,37.1,36.0,44.0,49.0,46.6,No,High
STU1228,Pooja Bhatt,Female,16,Grade 10,Bachelor's Degree,3.5,89.8,Yes,No,Not Completed,8.7,50.6,58.0,40.0,40.0,48.9,No,High
STU1229,Rohan Mishra,Male,15,Grade 10,Bachelor's Degree,2.0,89.2,Yes,Yes,Not Completed,6.8,53.7,47.0,36.0,44.0,46.3,No,High
STU1230,Kavya Malhotra,Male,18,Grade 11,Master's Degree,4.3,86.6,Yes,No,Not Completed,5.7,39.3,25.0,29.0,33.0,40.4,No,High
STU1231,Varun Bhatt,Female,18,Grade 12,Associate Degree,8.7,55.9,Yes,Yes,Completed,6.4,40.3,36.0,33.0,43.0,38.0,No,High
STU1232,Arjun Ghosh,Male,17,Grade 10,Associate Degree,5.3,53.3,Yes,Yes,Not Completed,5.3,35.0,33.0,33.0,45.0,31.4,No,High
STU1233,Aisha Agarwal,Male,18,Grade 10,High School,14.6,70.9,Yes,No,Completed,7.5,57.7,49.0,55.0,52.0,62.9,Yes,Medium
STU1234,Aisha Nair,Male,19,Grade 12,Master's Degree,10.5,88.6,No,Yes,Not Completed,6.3,51.2,63.0,44.0,46.0,53.2,Yes,High
STU1235,Nikhil Singh,Male,17,Grade 10,Associate Degree,6.9,82.7,Yes,Yes,Not Completed,8.3,53.7,55.0,41.0,62.0,53.9,Yes,High
STU1236,Meera Pillai,Female,16,Grade 12,Associate Degree,10.8,66.5,Yes,No,Not Completed,7.8,38.4,36.0,32.0,35.0,34.6,No,High
STU1237,Suresh Patel,Female,17,Grade 10,High School,5.8,85.2,Yes,Yes,Completed,8.9,60.2,58.0,66.0,59.0,56.3,Yes,Medium
STU1238,Kabir Agarwal,Female,19,Grade 10,Associate Degree,5.9,96.9,No,No,Not Completed,7.1,44.0,35.0,37.0,43.0,37.4,No,High
STU1239,Kritika Agarwal,Female,17,Grade 10,Some College,18.7,76.8,Yes,Yes,Completed,7.5,60.6,61.0,72.0,63.0,64.7,Yes,Medium
STU1240,Suresh Sharma,Male,16,Grade 10,High School,4.6,65.6,Yes,Yes,Not Completed,6.6,35.0,41.0,30.0,43.0,44.2,No,High
STU1241,Varun Tiwari,Female,15,Grade 12,Bachelor's Degree,9.2,86.8,Yes,Yes,Not Completed,5.9,62.7,55.0,53.0,59.0,65.1,Yes,Medium
STU1242,Priya Malhotra,Female,17,Grade 10,Some College,14.2,45.0,Yes,No,Completed,5.5,54.5,47.0,42.0,55.0,48.9,No,High
STU1243,Kritika Deshmukh,Female,16,Grade 11,Bachelor's Degree,18.8,49.1,Yes,Yes,Not Completed,5.0,51.1,53.0,50.0,48.0,44.3,No,High
STU1244,Ananya Malhotra,Male,19,Grade 10,High School,12.3,90.4,No,Yes,Not Completed,7.1,53.9,54.0,63.0,49.0,57.9,Yes,Medium
STU1245,Vikram Das,Male,17,Grade 12,High School,12.2,87.4,Yes,Yes,Not Completed,7.1,41.5,35.0,34.0,47.0,39.6,No,High
STU1246,Kritika Nair,Male,19,Grade 10,High School,15.5,88.2,Yes,No,Not Completed,8.1,57.4,52.0,54.0,58.0,54.1,Yes,High
STU1247,Ritu Gupta,Male,18,Grade 12,Bachelor's Degree,6.4,63.4,Yes,Yes,Completed,7.0,50.0,46.0,51.0,52.0,52.4,Yes,High
STU1248,Priya Singh,Male,18,Grade 11,Associate Degree,7.5,78.4,Yes,Yes,Not Completed,8.8,53.2,56.0,48.0,43.0,47.7,No,High
STU1249,Arjun Ghosh,Male,15,Grade 10,Bachelor's Degree,5.4,92.9,Yes,No,Completed,6.5,57.4,48.0,55.0,50.0,48.8,No,High
STU1250,Karan Verma,Female,16,Grade 11,Bachelor's Degree,6.4,90.4,No,No,Completed,7.5,68.1,65.0,59.0,66.0,68.1,Yes,Medium
STU1251,Ritu Deshmukh,Male,19,Grade 12,Bachelor's Degree,5.5,77.3,Yes,No,Completed,8.1,58.4,47.0,62.0,56.0,55.5,Yes,Medium
STU1252,Aryan Pillai,Male,15,Grade 12,High School,7.0,86.6,Yes,No,Not Completed,6.6,37.5,52.0,39.0,38.0,44.0,No,High
STU1253,Meera Agarwal,Male,18,Grade 10,Bachelor's Degree,9.4,55.5,Yes,Yes,Not Completed,8.2,50.9,42.0,44.0,48.0,45.6,No,High
STU1254,Manav Rao,Male,18,Grade 11,Bachelor's Degree,4.2,81.2,Yes,Yes,Not Completed,7.2,45.1,50.0,36.0,43.0,46.4,No,High
STU1255,Arjun Deshmukh,Male,17,Grade 12,Associate Degree,5.7,90.9,Yes,Yes,Not Completed,7.9,42.7,26.0,42.0,46.0,40.0,No,High
STU1256,Rahul Khan,Female,18,Grade 10,Some College,3.2,73.6,Yes,Yes,Not Completed,7.7,35.4,39.0,35.0,28.0,32.1,No,High
STU1257,Sneha Joshi,Female,18,Grade 10,Associate Degree,3.0,86.5,Yes,No,Not Completed,7.3,42.7,43.0,41.0,36.0,46.6,No,High
STU1258,Aisha Malhotra,Female,19,Grade 12,Associate Degree,9.3,93.6,Yes,No,Completed,6.4,54.5,46.0,55.0,44.0,48.5,No,High
STU1259,Neha Rao,Female,18,Grade 11,Some College,2.6,70.8,No,Yes,Completed,5.9,35.0,37.0,30.0,35.0,32.8,No,High
STU1260,Tara Singh,Male,19,Grade 11,High School,10.3,82.0,Yes,Yes,Not Completed,7.2,41.2,33.0,34.0,31.0,39.8,No,High
STU1261,Nikhil Nair,Female,16,Grade 12,High School,2.0,89.3,Yes,No,Completed,6.1,46.2,35.0,32.0,42.0,39.0,No,High
STU1262,Aman Choudhary,Female,17,Grade 12,High School,10.7,64.6,Yes,Yes,Completed,6.4,49.1,53.0,39.0,40.0,39.8,No,High
STU1263,Aisha Krishnan,Male,19,Grade 10,High School,15.4,63.7,Yes,Yes,Not Completed,8.8,49.7,55.0,45.0,47.0,43.9,No,High
STU1264,Tara Patel,Male,15,Grade 10,Bachelor's Degree,6.5,94.3,Yes,Yes,Not Completed,8.3,49.1,45.0,40.0,47.0,48.9,No,High
STU1265,Simran Mishra,Male,17,Grade 10,High School,7.0,92.1,Yes,Yes,Completed,5.8,43.8,36.0,51.0,48.0,48.2,No,High
STU1266,Riya Verma,Male,15,Grade 10,High School,6.9,72.4,No,Yes,Not Completed,7.9,37.8,34.0,47.0,39.0,39.4,No,High
STU1267,Priya Joshi,Female,18,Grade 11,Some College,13.7,91.6,Yes,No,Not Completed,6.4,54.2,63.0,46.0,62.0,57.4,Yes,Medium
STU1268,Lavanya Rao,Female,17,Grade 11,Some College,3.9,90.5,Yes,Yes,Not Completed,6.0,37.6,25.0,37.0,42.0,33.5,No,High
STU1269,Karan Joshi,Female,16,Grade 10,Some College,12.3,94.7,Yes,No,Not Completed,8.0,59.0,56.0,60.0,64.0,55.8,Yes,Medium
STU1270,Ritu Singh,Female,17,Grade 11,High School,13.3,63.0,No,Yes,Not Completed,6.9,36.0,37.0,26.0,33.0,35.3,No,High
STU1271,Tara Ghosh,Male,18,Grade 11,Associate Degree,19.2,97.7,Yes,No,Not Completed,7.1,70.8,63.0,71.0,70.0,61.1,Yes,Medium
STU1272,Nisha Krishnan,Male,18,Grade 10,Associate Degree,3.8,83.1,Yes,No,Not Completed,7.1,41.1,57.0,25.0,42.0,38.9,No,High
STU1273,Aryan Ghosh,Male,15,Grade 10,Bachelor's Degree,8.3,90.0,Yes,Yes,Completed,4.7,61.1,44.0,57.0,69.0,58.4,Yes,Medium
STU1274,Zara Singh,Female,16,Grade 11,Some College,24.0,91.0,Yes,Yes,Completed,6.9,84.6,81.0,83.0,77.0,84.5,Yes,Low
STU1275,Nisha Malhotra,Male,17,Grade 11,Some College,7.0,87.7,Yes,Yes,Completed,6.1,52.0,61.0,56.0,55.0,53.3,Yes,High
STU1276,Meera Sharma,Male,18,Grade 10,Some College,17.5,70.6,Yes,Yes,Completed,7.0,61.4,66.0,53.0,59.0,64.9,Yes,Medium
STU1277,Kabir Jain,Female,19,Grade 12,High School,2.6,74.4,Yes,Yes,Not Completed,7.8,35.0,27.0,36.0,28.0,30.7,No,High
STU1278,Nikhil Reddy,Male,15,Grade 11,Master's Degree,11.8,88.5,Yes,Yes,Completed,8.8,60.1,56.0,56.0,56.0,55.9,Yes,Medium
STU1279,Priya Pillai,Female,17,Grade 12,Associate Degree,16.4,87.3,Yes,Yes,Not Completed,8.3,56.9,46.0,65.0,54.0,57.0,Yes,Medium
STU1280,Tara Sheikh,Male,17,Grade 10,Some College,13.4,79.0,Yes,Yes,Completed,7.9,65.5,59.0,71.0,62.0,61.1,Yes,Medium
STU1281,Zara Patel,Male,16,Grade 12,Bachelor's Degree,4.0,45.0,Yes,Yes,Not Completed,6.5,35.0,29.0,33.0,39.0,34.2,No,High
STU1282,Lavanya Khan,Female,18,Grade 10,High School,18.0,85.4,Yes,No,Completed,4.1,64.4,61.0,63.0,46.0,59.6,Yes,Medium
STU1283,Kavya Menon,Male,19,Grade 10,Associate Degree,10.3,67.4,No,No,Completed,6.9,55.7,54.0,49.0,59.0,52.9,Yes,High
STU1284,Zara Mishra,Male,16,Grade 11,High School,9.0,98.0,No,Yes,Completed,7.1,50.7,43.0,48.0,58.0,49.4,No,High
STU1285,Ishaan Reddy,Female,19,Grade 12,Some College,5.9,74.1,Yes,No,Completed,7.3,44.5,36.0,39.0,40.0,41.7,No,High
STU1286,Aditya Pandey,Male,16,Grade 10,Some College,3.4,90.7,Yes,Yes,Not Completed,8.0,40.5,44.0,44.0,40.0,45.9,No,High
STU1287,Arjun Verma,Male,16,Grade 10,Some College,10.7,60.5,No,Yes,Not Completed,7.5,35.0,27.0,26.0,32.0,27.9,No,High
STU1288,Suresh Verma,Female,16,Grade 12,Master's Degree,7.2,87.4,Yes,No,Not Completed,7.0,65.2,78.0,55.0,61.0,76.1,Yes,Low
STU1289,Shreya Pillai,Male,19,Grade 12,High School,7.7,59.0,Yes,No,Completed,5.3,35.0,43.0,32.0,42.0,39.6,No,High
STU1290,Ritu Deshmukh,Male,16,Grade 11,Associate Degree,13.7,95.6,Yes,Yes,Not Completed,7.0,59.3,60.0,65.0,58.0,69.2,Yes,Medium
STU1291,Vikram Das,Male,17,Grade 11,Some College,11.0,79.7,No,No,Completed,7.8,49.8,47.0,52.0,50.0,42.9,No,High
STU1292,Kritika Singh,Male,19,Grade 10,Associate Degree,12.9,94.0,Yes,Yes,Completed,5.7,57.5,40.0,58.0,55.0,55.8,Yes,Medium
STU1293,Pooja Pillai,Male,15,Grade 10,Bachelor's Degree,3.9,89.4,Yes,Yes,Not Completed,5.4,46.2,52.0,34.0,38.0,45.6,No,High
STU1294,Aisha Saxena,Female,15,Grade 12,Some College,5.0,85.3,No,No,Not Completed,5.6,35.0,27.0,45.0,34.0,38.7,No,High
STU1295,Suresh Jain,Male,19,Grade 12,Some College,8.4,82.0,Yes,Yes,Not Completed,6.2,51.5,45.0,56.0,60.0,52.5,Yes,High
STU1296,Rohan Srivastava,Female,17,Grade 12,Associate Degree,13.8,85.1,Yes,Yes,Not Completed,8.7,56.4,60.0,57.0,68.0,54.0,Yes,High
STU1297,Aman Verma,Female,18,Grade 10,High School,7.6,86.0,No,No,Not Completed,7.2,37.3,40.0,41.0,38.0,39.4,No,High
STU1298,Tanvi Joshi,Female,15,Grade 10,Bachelor's Degree,19.4,85.7,Yes,Yes,Not Completed,6.6,67.2,58.0,62.0,67.0,62.8,Yes,Medium
STU1299,Harsh Srivastava,Female,17,Grade 11,Some College,13.6,82.7,Yes,Yes,Completed,6.3,57.3,50.0,46.0,56.0,54.3,Yes,High
STU1300,Aryan Jain,Male,17,Grade 12,Bachelor's Degree,5.5,69.5,Yes,No,Completed,8.2,56.1,57.0,62.0,49.0,57.8,Yes,Medium
STU1301,Suresh Singh,Male,15,Grade 11,Associate Degree,5.7,85.9,Yes,Yes,Not Completed,9.0,37.6,43.0,31.0,36.0,39.9,No,High
STU1302,Arjun Jain,Male,17,Grade 12,Some College,9.0,74.2,Yes,Yes,Not Completed,7.1,40.4,26.0,25.0,40.0,30.3,No,High
STU1303,Suresh Verma,Male,15,Grade 12,Bachelor's Degree,6.0,66.6,Yes,No,Not Completed,5.3,40.7,47.0,44.0,28.0,42.8,No,High
STU1304,Diya Pandey,Male,18,Grade 10,Associate Degree,6.6,85.1,Yes,Yes,Completed,8.4,56.4,45.0,45.0,45.0,50.0,Yes,High
STU1305,Suresh Joshi,Male,19,Grade 11,High School,11.7,95.0,Yes,Yes,Not Completed,7.7,44.4,45.0,56.0,50.0,55.5,Yes,Medium
STU1306,Tanvi Malhotra,Female,18,Grade 12,Bachelor's Degree,13.1,80.5,Yes,No,Completed,5.7,65.1,56.0,67.0,62.0,55.3,Yes,Medium
STU1307,Aisha Patel,Male,17,Grade 10,Master's Degree,6.0,92.7,Yes,Yes,Not Completed,7.7,50.6,35.0,51.0,48.0,42.8,No,High
STU1308,Nisha Rao,Male,16,Grade 10,Some College,4.1,85.6,Yes,No,Not Completed,7.7,41.0,31.0,47.0,36.0,37.1,No,High
STU1309,Kabir Verma,Female,17,Grade 10,High School,15.6,92.0,Yes,No,Not Completed,7.6,63.0,51.0,75.0,63.0,67.6,Yes,Medium
STU1310,Kartik Gupta,Male,19,Grade 10,Some College,16.4,87.5,No,Yes,Not Completed,7.8,49.0,48.0,45.0,46.0,51.9,Yes,High
STU1311,Suresh Jain,Female,16,Grade 10,Associate Degree,2.5,65.3,Yes,Yes,Completed,6.9,44.3,47.0,36.0,48.0,50.3,Yes,High
STU1312,Ritu Mehta,Male,15,Grade 11,High School,3.1,94.8,Yes,Yes,Not Completed,7.9,37.5,42.0,28.0,45.0,42.0,No,High
STU1313,Aisha Iyer,Male,19,Grade 11,High School,5.9,82.8,Yes,No,Not Completed,8.3,35.0,31.0,32.0,33.0,38.2,No,High
STU1314,Harsh Choudhary,Female,17,Grade 11,Some College,8.5,92.3,Yes,No,Completed,7.6,44.0,42.0,44.0,41.0,50.7,Yes,High
STU1315,Aditya Khan,Male,18,Grade 11,Bachelor's Degree,12.8,93.6,Yes,Yes,Not Completed,9.0,55.2,48.0,47.0,60.0,48.4,No,High
STU1316,Siddharth Bhatt,Female,16,Grade 12,Master's Degree,8.0,67.2,Yes,Yes,Not Completed,8.3,35.0,33.0,33.0,31.0,41.5,No,High
STU1317,Kabir Tiwari,Female,18,Grade 11,Bachelor's Degree,11.3,70.1,Yes,Yes,Not Completed,5.6,46.0,57.0,34.0,44.0,40.9,No,High
STU1318,Neha Nair,Female,17,Grade 10,Master's Degree,15.3,94.7,Yes,No,Not Completed,5.5,65.3,51.0,62.0,61.0,61.8,Yes,Medium
STU1319,Ishaan Dhawan,Male,19,Grade 10,Master's Degree,22.4,91.8,Yes,No,Completed,6.7,79.1,67.0,78.0,78.0,75.9,Yes,Low
STU1320,Tara Joshi,Female,18,Grade 11,High School,3.6,95.4,Yes,No,Not Completed,7.8,35.0,28.0,40.0,40.0,36.7,No,High
STU1321,Priya Bhatt,Female,18,Grade 12,Some College,5.0,90.0,Yes,Yes,Completed,7.6,59.6,58.0,55.0,51.0,51.0,Yes,High
STU1322,Aisha Iyer,Male,15,Grade 11,Bachelor's Degree,6.3,88.3,No,Yes,Not Completed,8.7,48.9,50.0,51.0,44.0,49.0,No,High
STU1323,Dev Patel,Male,15,Grade 12,Master's Degree,11.9,93.5,Yes,No,Completed,7.8,69.7,73.0,71.0,67.0,69.9,Yes,Medium
STU1324,Tanvi Verma,Female,15,Grade 11,Some College,4.9,83.1,Yes,Yes,Not Completed,8.7,35.0,36.0,34.0,37.0,39.5,No,High
STU1325,Aman Malhotra,Male,18,Grade 12,Some College,5.4,50.7,Yes,Yes,Completed,8.2,37.2,34.0,33.0,33.0,35.3,No,High
STU1326,Aarav Joshi,Female,17,Grade 10,Associate Degree,14.4,68.0,Yes,No,Not Completed,5.9,48.9,39.0,51.0,42.0,43.3,No,High
STU1327,Diya Menon,Female,17,Grade 10,Associate Degree,9.2,73.3,Yes,No,Not Completed,5.8,35.0,35.0,36.0,28.0,32.0,No,High
STU1328,Pooja Krishnan,Female,16,Grade 11,Some College,2.9,90.9,No,Yes,Completed,6.7,35.0,31.0,34.0,33.0,45.2,No,High
STU1329,Ritu Pillai,Female,15,Grade 11,Some College,19.2,77.1,Yes,No,Completed,8.6,62.0,64.0,47.0,63.0,55.2,Yes,Medium
STU1330,Suresh Patel,Female,16,Grade 11,High School,6.4,92.5,Yes,Yes,Not Completed,8.3,48.1,44.0,35.0,48.0,49.3,No,High
STU1331,Tara Sharma,Male,16,Grade 12,Master's Degree,15.1,78.2,No,No,Not Completed,4.9,56.0,50.0,49.0,62.0,51.3,Yes,High
STU1332,Manav Kapoor,Female,19,Grade 11,Associate Degree,7.1,78.8,Yes,No,Not Completed,8.5,45.4,34.0,60.0,42.0,47.1,No,High
STU1333,Vikram Patel,Male,18,Grade 10,Associate Degree,11.0,72.4,Yes,Yes,Completed,6.9,45.4,44.0,44.0,44.0,43.3,No,High
STU1334,Siddharth Khan,Male,15,Grade 11,High School,8.1,91.1,Yes,Yes,Completed,6.5,57.1,59.0,50.0,52.0,57.7,Yes,Medium
STU1335,Vikram Pandey,Female,15,Grade 12,Associate Degree,4.9,78.6,Yes,Yes,Completed,6.2,60.0,59.0,63.0,53.0,54.2,Yes,High
STU1336,Tanvi Malhotra,Female,17,Grade 12,Some College,7.9,61.4,Yes,Yes,Completed,6.3,47.8,42.0,40.0,50.0,40.9,No,High
STU1337,Tanvi Kapoor,Male,18,Grade 12,Associate Degree,6.8,98.1,Yes,Yes,Not Completed,8.5,59.3,68.0,60.0,60.0,70.3,Yes,Medium
STU1338,Riya Malhotra,Female,18,Grade 10,High School,11.2,90.4,Yes,Yes,Not Completed,5.9,54.9,55.0,51.0,51.0,53.8,Yes,High
STU1339,Aryan Banerjee,Female,16,Grade 10,Master's Degree,8.8,84.1,Yes,Yes,Not Completed,7.1,49.6,59.0,55.0,43.0,49.3,No,High
STU1340,Karan Mishra,Male,19,Grade 11,Bachelor's Degree,10.3,89.7,No,Yes,Not Completed,7.7,44.4,41.0,47.0,42.0,49.3,No,High
STU1341,Rahul Gupta,Female,17,Grade 11,Bachelor's Degree,6.3,87.5,Yes,Yes,Not Completed,5.9,37.2,25.0,26.0,44.0,35.0,No,High
STU1342,Ananya Rao,Male,15,Grade 11,Some College,20.9,82.0,Yes,Yes,Not Completed,7.3,78.4,79.0,71.0,74.0,70.5,Yes,Medium
STU1343,Tara Sheikh,Male,18,Grade 11,High School,2.0,62.3,Yes,Yes,Completed,5.0,35.0,38.0,25.0,40.0,37.7,No,High
STU1344,Riya Ghosh,Male,17,Grade 12,Some College,7.2,86.6,No,No,Not Completed,7.0,45.5,43.0,41.0,45.0,39.2,No,High
STU1345,Simran Joshi,Male,15,Grade 11,Some College,7.0,51.6,Yes,No,Completed,7.8,44.2,47.0,60.0,56.0,49.8,No,High
STU1346,Suresh Kapoor,Male,17,Grade 10,Associate Degree,4.6,70.4,No,Yes,Not Completed,6.4,35.0,25.0,37.0,39.0,34.3,No,High
STU1347,Sneha Deshmukh,Male,17,Grade 11,Bachelor's Degree,9.3,70.7,No,Yes,Completed,6.7,57.7,52.0,47.0,60.0,52.1,Yes,High
STU1348,Suresh Menon,Female,18,Grade 11,Bachelor's Degree,9.4,86.8,No,No,Completed,5.2,66.7,68.0,76.0,65.0,76.8,Yes,Low
STU1349,Harsh Gupta,Male,19,Grade 11,High School,21.0,65.9,Yes,Yes,Not Completed,7.0,55.3,53.0,49.0,42.0,46.2,No,High
STU1350,Simran Singh,Female,18,Grade 11,Master's Degree,10.1,90.5,No,Yes,Not Completed,6.1,54.1,47.0,57.0,59.0,57.5,Yes,Medium
STU1351,Kartik Mehta,Female,16,Grade 12,Master's Degree,13.6,72.5,Yes,Yes,Not Completed,7.0,47.3,44.0,50.0,55.0,47.6,No,High
STU1352,Harsh Gupta,Female,15,Grade 10,Associate Degree,5.1,75.4,Yes,No,Completed,6.0,49.2,41.0,52.0,51.0,47.4,No,High
STU1353,Aisha Khan,Male,19,Grade 10,Bachelor's Degree,8.5,64.5,Yes,No,Completed,6.2,48.3,42.0,51.0,53.0,46.8,No,High
STU1354,Suresh Verma,Male,17,Grade 11,Associate Degree,12.0,90.1,No,Yes,Not Completed,7.5,51.7,43.0,42.0,50.0,39.6,No,High
STU1355,Harsh Reddy,Female,19,Grade 11,Associate Degree,5.3,56.5,No,Yes,Completed,7.3,35.0,30.0,27.0,37.0,39.6,No,High
STU1356,Zara Deshmukh,Male,16,Grade 10,Some College,17.0,59.0,Yes,Yes,Not Completed,7.2,49.1,42.0,42.0,32.0,39.1,No,High
STU1357,Priya Kapoor,Male,19,Grade 11,Some College,16.2,77.4,Yes,No,Not Completed,9.6,58.0,63.0,53.0,50.0,56.9,Yes,Medium
STU1358,Neha Krishnan,Male,17,Grade 12,High School,11.6,90.2,Yes,No,Completed,7.9,57.7,39.0,52.0,57.0,49.1,No,High
STU1359,Harsh Agarwal,Male,18,Grade 10,Associate Degree,10.1,87.9,Yes,Yes,Not Completed,8.8,55.9,51.0,49.0,55.0,59.7,Yes,Medium
STU1360,Meera Malhotra,Female,18,Grade 10,Bachelor's Degree,6.6,74.0,No,No,Not Completed,5.9,38.1,33.0,27.0,32.0,29.0,No,High
STU1361,Harsh Joshi,Male,17,Grade 12,High School,11.0,62.0,Yes,No,Completed,7.3,44.7,36.0,39.0,47.0,42.5,No,High
STU1362,Vikram Saxena,Male,16,Grade 12,Some College,13.1,87.3,Yes,No,Completed,5.4,53.2,45.0,52.0,47.0,52.7,Yes,High
STU1363,Riya Khan,Female,15,Grade 10,Associate Degree,9.2,77.2,Yes,No,Completed,6.4,52.7,37.0,65.0,54.0,55.2,Yes,Medium
STU1364,Kabir Iyer,Male,15,Grade 11,Bachelor's Degree,4.3,79.4,Yes,No,Completed,6.7,59.9,51.0,59.0,54.0,54.4,Yes,High
STU1365,Neha Khan,Male,19,Grade 10,Master's Degree,7.1,94.6,No,Yes,Completed,6.5,60.7,51.0,58.0,65.0,52.6,Yes,High
STU1366,Ritu Joshi,Female,17,Grade 11,Associate Degree,5.2,88.9,Yes,Yes,Completed,6.4,49.5,45.0,53.0,41.0,50.7,Yes,High
STU1367,Aman Bhatt,Male,19,Grade 10,Some College,13.2,78.7,Yes,Yes,Not Completed,6.5,52.3,52.0,60.0,51.0,51.9,Yes,High
STU1368,Kabir Deshmukh,Female,18,Grade 11,Some College,2.7,82.1,Yes,Yes,Not Completed,8.5,36.7,31.0,47.0,28.0,34.0,No,High
STU1369,Bhavna Pandey,Female,19,Grade 12,Bachelor's Degree,7.4,89.4,No,No,Completed,9.0,52.5,54.0,56.0,44.0,56.6,Yes,Medium
STU1370,Kritika Kapoor,Female,18,Grade 12,High School,7.3,90.9,No,No,Completed,5.5,35.5,29.0,36.0,35.0,37.6,No,High
STU1371,Ananya Krishnan,Female,17,Grade 10,High School,13.8,81.3,No,Yes,Not Completed,7.2,39.9,27.0,41.0,31.0,36.0,No,High
STU1372,Ishaan Deshmukh,Female,17,Grade 12,High School,10.9,89.8,Yes,No,Completed,6.2,60.4,55.0,45.0,55.0,49.0,No,High
STU1373,Aryan Joshi,Male,16,Grade 12,High School,11.9,94.7,Yes,No,Completed,6.5,61.9,61.0,42.0,56.0,52.7,Yes,High
STU1374,Neha Dhawan,Female,17,Grade 12,High School,4.4,74.3,Yes,Yes,Not Completed,6.5,36.0,46.0,27.0,40.0,45.7,No,High
STU1375,Varun Joshi,Female,19,Grade 12,Some College,7.2,96.6,Yes,Yes,Not Completed,6.7,51.3,55.0,50.0,46.0,51.3,Yes,High
STU1376,Diya Mehta,Male,19,Grade 10,High School,9.8,83.3,Yes,Yes,Not Completed,7.1,45.1,26.0,49.0,44.0,43.2,No,High
STU1377,Priya Joshi,Female,19,Grade 11,Some College,16.0,83.0,Yes,Yes,Not Completed,7.2,57.8,59.0,61.0,56.0,60.8,Yes,Medium
STU1378,Nisha Bhatt,Female,18,Grade 12,Some College,9.3,75.6,Yes,Yes,Completed,7.1,56.5,58.0,57.0,61.0,52.6,Yes,High
STU1379,Varun Saxena,Male,18,Grade 10,High School,10.0,71.7,Yes,Yes,Completed,4.5,45.4,49.0,44.0,35.0,43.3,No,High
STU1380,Zara Mishra,Male,15,Grade 12,High School,10.6,64.5,Yes,No,Not Completed,5.8,37.2,27.0,43.0,46.0,45.7,No,High
STU1381,Ananya Mehta,Male,18,Grade 11,Some College,5.9,73.4,Yes,Yes,Not Completed,7.7,48.0,40.0,54.0,46.0,50.7,Yes,High
STU1382,Lavanya Agarwal,Male,19,Grade 10,Some College,8.1,86.0,No,No,Not Completed,8.2,46.5,46.0,38.0,45.0,43.5,No,High
STU1383,Karan Deshmukh,Male,18,Grade 10,High School,6.0,74.7,Yes,No,Not Completed,6.1,35.0,42.0,31.0,43.0,49.5,No,High
STU1384,Aisha Nair,Male,16,Grade 11,High School,6.9,56.5,No,No,Completed,8.2,35.0,36.0,32.0,34.0,37.1,No,High
STU1385,Meera Dhawan,Male,16,Grade 10,Some College,10.3,82.3,Yes,No,Not Completed,7.8,48.8,43.0,53.0,48.0,49.9,No,High
STU1386,Arjun Singh,Male,18,Grade 12,Bachelor's Degree,4.1,77.8,No,Yes,Not Completed,6.0,42.5,52.0,41.0,43.0,51.3,Yes,High
STU1387,Manav Iyer,Female,17,Grade 12,Associate Degree,9.6,66.6,Yes,No,Not Completed,7.9,41.9,44.0,41.0,48.0,37.3,No,High
STU1388,Karan Banerjee,Female,18,Grade 12,Associate Degree,6.3,96.2,Yes,No,Not Completed,6.0,45.4,50.0,44.0,52.0,48.7,No,High
STU1389,Lavanya Ghosh,Male,18,Grade 10,High School,9.1,95.7,Yes,No,Completed,7.0,57.4,60.0,56.0,41.0,60.4,Yes,Medium
STU1390,Sneha Sheikh,Male,16,Grade 10,Some College,21.2,88.8,Yes,No,Not Completed,6.0,61.0,51.0,60.0,55.0,50.7,Yes,High
STU1391,Kritika Pandey,Female,15,Grade 11,Some College,7.0,95.7,Yes,No,Not Completed,7.0,45.1,40.0,48.0,41.0,45.7,No,High
STU1392,Shreya Das,Male,19,Grade 10,Some College,7.8,57.3,No,No,Not Completed,7.1,35.0,39.0,37.0,36.0,36.6,No,High
STU1393,Arjun Menon,Female,17,Grade 12,Bachelor's Degree,7.0,90.0,Yes,Yes,Completed,7.1,62.8,52.0,59.0,46.0,49.1,No,High
STU1394,Aisha Sheikh,Male,15,Grade 11,Master's Degree,3.9,86.0,Yes,No,Not Completed,6.3,49.4,49.0,41.0,48.0,42.5,No,High
STU1395,Ananya Banerjee,Male,19,Grade 11,Associate Degree,8.4,93.5,Yes,Yes,Completed,7.0,54.4,54.0,41.0,49.0,54.8,Yes,High
STU1396,Vikram Jain,Male,19,Grade 11,High School,5.3,63.4,No,Yes,Not Completed,7.7,35.0,35.0,25.0,45.0,35.4,No,High
STU1397,Ritu Krishnan,Female,15,Grade 11,High School,5.6,93.4,No,Yes,Completed,7.4,52.5,41.0,56.0,51.0,57.8,Yes,Medium
STU1398,Aisha Rao,Male,16,Grade 10,Some College,4.7,95.8,No,Yes,Completed,10.0,48.1,49.0,42.0,48.0,48.5,No,High
STU1399,Suresh Sheikh,Female,15,Grade 10,Bachelor's Degree,19.8,67.1,Yes,No,Not Completed,4.4,54.1,53.0,46.0,53.0,51.2,Yes,High
STU1400,Kabir Rao,Male,19,Grade 11,Some College,4.8,90.1,Yes,No,Completed,6.3,41.7,39.0,41.0,41.0,48.9,No,High
STU1401,Diya Malhotra,Male,19,Grade 11,Some College,9.4,78.2,Yes,Yes,Not Completed,8.9,36.4,48.0,25.0,33.0,38.6,No,High
STU1402,Ishaan Sheikh,Male,19,Grade 11,Associate Degree,15.3,67.6,Yes,Yes,Completed,6.7,55.2,61.0,62.0,51.0,50.9,Yes,High
STU1403,Kartik Ghosh,Male,18,Grade 10,High School,7.2,79.5,Yes,No,Completed,6.0,51.4,61.0,55.0,42.0,55.1,Yes,Medium
STU1404,Aisha Rao,Female,18,Grade 12,Some College,4.2,84.0,Yes,Yes,Completed,4.5,46.8,43.0,50.0,37.0,39.9,No,High
STU1405,Pooja Patel,Male,17,Grade 12,Bachelor's Degree,14.5,99.4,Yes,Yes,Not Completed,7.3,51.8,44.0,49.0,43.0,38.5,No,High
STU1406,Kritika Choudhary,Female,19,Grade 11,Associate Degree,7.5,77.2,Yes,Yes,Not Completed,7.7,38.4,45.0,38.0,41.0,43.9,No,High
STU1407,Ishaan Jain,Female,16,Grade 10,Some College,13.2,66.5,Yes,Yes,Not Completed,6.0,44.7,39.0,64.0,45.0,46.1,No,High
STU1408,Akash Krishnan,Female,15,Grade 11,Associate Degree,15.4,84.5,Yes,Yes,Not Completed,7.5,62.1,55.0,68.0,50.0,52.9,Yes,High
STU1409,Karan Bhatt,Female,18,Grade 12,High School,8.5,68.6,No,Yes,Not Completed,6.4,47.5,41.0,37.0,44.0,54.9,Yes,High
STU1410,Nisha Bhatt,Male,15,Grade 12,Bachelor's Degree,12.6,72.9,No,No,Completed,7.8,43.2,44.0,37.0,51.0,47.6,No,High
STU1411,Kabir Agarwal,Male,18,Grade 12,Master's Degree,13.3,86.6,Yes,No,Not Completed,5.9,63.3,65.0,68.0,53.0,64.6,Yes,Medium
STU1412,Siddharth Deshmukh,Female,18,Grade 12,Master's Degree,3.6,67.4,Yes,Yes,Completed,6.8,54.9,50.0,42.0,60.0,47.1,No,High
STU1413,Tanvi Pandey,Male,19,Grade 11,Master's Degree,13.9,79.4,No,Yes,Not Completed,9.2,54.0,63.0,41.0,58.0,54.8,Yes,High
STU1414,Aditya Iyer,Male,19,Grade 11,Associate Degree,6.7,86.4,Yes,Yes,Not Completed,5.4,47.7,51.0,34.0,51.0,51.0,Yes,High
STU1415,Dev Mishra,Male,16,Grade 12,Bachelor's Degree,6.7,79.0,Yes,Yes,Not Completed,7.6,51.7,52.0,58.0,45.0,57.2,Yes,Medium
STU1416,Shreya Deshmukh,Male,17,Grade 12,Associate Degree,8.6,84.4,Yes,No,Not Completed,6.6,63.2,61.0,59.0,56.0,64.2,Yes,Medium
STU1417,Simran Saxena,Female,19,Grade 12,Some College,6.5,92.0,Yes,Yes,Not Completed,8.9,50.9,57.0,46.0,48.0,53.3,Yes,High
STU1418,Varun Jain,Male,17,Grade 10,Bachelor's Degree,6.0,82.8,No,Yes,Not Completed,7.3,43.4,46.0,43.0,41.0,42.4,No,High
STU1419,Aryan Gupta,Male,15,Grade 11,Master's Degree,17.7,86.1,Yes,Yes,Not Completed,7.3,68.4,60.0,64.0,54.0,55.9,Yes,Medium
STU1420,Harsh Tiwari,Male,16,Grade 10,Bachelor's Degree,9.6,69.6,Yes,Yes,Not Completed,7.6,45.3,42.0,45.0,39.0,44.4,No,High
STU1421,Varun Dhawan,Male,16,Grade 10,Some College,12.9,93.5,Yes,No,Completed,6.7,55.7,44.0,54.0,54.0,41.3,No,High
STU1422,Ritu Iyer,Female,15,Grade 12,High School,14.3,67.9,Yes,Yes,Completed,9.1,47.6,40.0,40.0,50.0,45.7,No,High
STU1423,Bhavna Choudhary,Female,15,Grade 10,Some College,3.0,97.0,Yes,No,Not Completed,8.0,48.3,32.0,37.0,44.0,50.0,Yes,High
STU1424,Manav Rao,Male,15,Grade 12,Associate Degree,4.4,70.6,Yes,No,Not Completed,7.0,46.7,52.0,38.0,41.0,49.3,No,High
STU1425,Kabir Sharma,Female,18,Grade 12,Some College,2.3,54.7,Yes,Yes,Completed,9.5,47.6,37.0,57.0,43.0,45.7,No,High
STU1426,Aman Das,Female,17,Grade 11,High School,21.9,76.5,Yes,Yes,Completed,7.6,73.6,70.0,68.0,53.0,66.1,Yes,Medium
STU1427,Aryan Singh,Female,19,Grade 10,Some College,12.0,71.7,Yes,Yes,Not Completed,7.3,43.8,40.0,25.0,41.0,41.4,No,High
STU1428,Varun Gupta,Female,18,Grade 10,Associate Degree,12.0,49.1,Yes,Yes,Not Completed,5.8,44.5,39.0,46.0,46.0,44.5,No,High
STU1429,Rohan Sheikh,Male,16,Grade 12,Bachelor's Degree,6.2,85.6,Yes,Yes,Not Completed,8.5,40.8,32.0,37.0,48.0,44.2,No,High
STU1430,Aryan Gupta,Female,17,Grade 12,Master's Degree,8.6,50.5,Yes,Yes,Not Completed,7.4,37.3,33.0,53.0,31.0,38.9,No,High
STU1431,Suresh Nair,Male,17,Grade 11,Bachelor's Degree,6.1,69.3,Yes,No,Not Completed,8.0,49.2,43.0,43.0,41.0,46.5,No,High
STU1432,Varun Ghosh,Female,19,Grade 11,Some College,11.3,80.6,Yes,Yes,Completed,8.1,51.0,44.0,56.0,48.0,51.9,Yes,High
STU1433,Simran Banerjee,Female,17,Grade 10,Associate Degree,5.7,73.5,Yes,No,Completed,6.8,56.8,45.0,59.0,61.0,57.4,Yes,Medium
STU1434,Lavanya Tiwari,Female,15,Grade 12,Some College,4.8,87.4,Yes,Yes,Not Completed,7.5,43.7,31.0,39.0,49.0,36.7,No,High
STU1435,Tanvi Saxena,Female,16,Grade 12,High School,11.6,86.2,No,No,Completed,6.0,51.4,48.0,49.0,50.0,51.2,Yes,High
STU1436,Zara Menon,Male,15,Grade 11,Bachelor's Degree,2.6,45.8,No,Yes,Not Completed,7.9,35.0,31.0,30.0,28.0,25.0,No,High
STU1437,Arjun Kapoor,Female,18,Grade 11,Some College,19.7,81.3,Yes,Yes,Not Completed,6.1,56.0,51.0,53.0,60.0,60.4,Yes,Medium
STU1438,Kavya Sharma,Male,18,Grade 10,Master's Degree,3.2,93.7,No,Yes,Completed,7.5,62.2,59.0,50.0,65.0,62.4,Yes,Medium
STU1439,Harsh Dhawan,Male,17,Grade 12,Some College,4.3,93.5,Yes,No,Completed,6.4,44.6,49.0,48.0,39.0,50.2,Yes,High
STU1440,Akash Sharma,Male,17,Grade 12,Some College,8.3,88.2,Yes,Yes,Not Completed,5.6,56.2,57.0,53.0,47.0,51.4,Yes,High
STU1441,Kavya Singh,Female,18,Grade 11,Associate Degree,10.7,79.7,Yes,Yes,Completed,5.9,54.0,64.0,56.0,49.0,57.6,Yes,Medium
STU1442,Ishaan Sheikh,Male,15,Grade 12,Some College,16.0,86.2,Yes,Yes,Completed,6.2,61.1,42.0,62.0,57.0,58.3,Yes,Medium
STU1443,Aryan Khan,Female,16,Grade 10,Some College,5.8,64.5,Yes,Yes,Not Completed,5.1,45.1,35.0,40.0,41.0,39.0,No,High
STU1444,Aman Verma,Male,19,Grade 11,High School,6.5,49.5,Yes,Yes,Not Completed,6.7,35.0,38.0,25.0,28.0,30.4,No,High
STU1445,Manav Das,Female,16,Grade 12,Associate Degree,3.1,91.0,Yes,No,Not Completed,7.2,47.4,40.0,34.0,40.0,37.1,No,High
STU1446,Suresh Joshi,Male,19,Grade 12,Associate Degree,11.2,47.3,No,No,Not Completed,5.7,43.5,52.0,48.0,37.0,44.4,No,High
STU1447,Aisha Reddy,Female,15,Grade 12,High School,10.8,98.6,Yes,No,Not Completed,5.4,56.8,42.0,54.0,62.0,56.3,Yes,Medium
STU1448,Kartik Banerjee,Female,16,Grade 11,Associate Degree,8.0,90.8,Yes,Yes,Not Completed,6.2,55.3,46.0,59.0,50.0,49.5,No,High
STU1449,Bhavna Srivastava,Female,16,Grade 12,Some College,2.0,97.0,No,No,Not Completed,8.7,35.0,33.0,27.0,38.0,34.0,No,High
STU1450,Kritika Ghosh,Female,19,Grade 11,Bachelor's Degree,7.5,90.6,Yes,No,Not Completed,7.0,56.5,64.0,53.0,56.0,64.7,Yes,Medium
STU1451,Ananya Pillai,Female,19,Grade 11,High School,10.4,82.4,Yes,Yes,Not Completed,6.4,37.0,37.0,28.0,30.0,32.8,No,High
STU1452,Lavanya Singh,Male,17,Grade 12,High School,8.1,85.9,Yes,Yes,Not Completed,6.0,45.4,42.0,36.0,52.0,42.9,No,High
STU1453,Priya Sheikh,Male,15,Grade 12,Associate Degree,3.8,73.2,Yes,No,Completed,4.1,49.9,47.0,55.0,38.0,49.1,No,High
STU1454,Nisha Reddy,Female,18,Grade 11,High School,4.9,79.4,Yes,No,Not Completed,7.8,37.7,43.0,53.0,28.0,43.4,No,High
STU1455,Vikram Singh,Female,18,Grade 10,High School,8.2,86.6,Yes,Yes,Not Completed,6.8,45.5,35.0,38.0,39.0,37.5,No,High
STU1456,Aryan Bhatt,Female,16,Grade 12,Master's Degree,6.5,84.5,No,No,Completed,6.6,55.1,45.0,66.0,48.0,51.6,Yes,High
STU1457,Manav Khan,Male,18,Grade 11,Associate Degree,3.6,71.8,Yes,Yes,Not Completed,8.2,40.7,32.0,43.0,38.0,40.3,No,High
STU1458,Siddharth Joshi,Female,17,Grade 10,Master's Degree,7.5,95.1,Yes,Yes,Completed,5.6,63.0,63.0,66.0,62.0,62.3,Yes,Medium
STU1459,Riya Sheikh,Female,16,Grade 10,Associate Degree,8.6,84.7,Yes,Yes,Not Completed,7.2,48.4,38.0,38.0,48.0,40.6,No,High
STU1460,Priya Mishra,Male,19,Grade 11,Some College,2.4,84.0,Yes,No,Not Completed,5.8,35.0,42.0,33.0,28.0,32.7,No,High
STU1461,Varun Jain,Female,16,Grade 11,High School,14.7,50.5,No,Yes,Not Completed,8.2,36.6,45.0,30.0,33.0,36.7,No,High
STU1462,Nikhil Verma,Male,16,Grade 12,Bachelor's Degree,13.3,81.0,Yes,No,Completed,6.1,62.5,52.0,73.0,70.0,60.5,Yes,Medium
STU1463,Meera Gupta,Male,19,Grade 10,High School,16.0,81.4,Yes,Yes,Not Completed,7.8,51.0,55.0,44.0,40.0,42.9,No,High
STU1464,Kavya Agarwal,Female,15,Grade 12,Some College,4.9,88.2,Yes,Yes,Not Completed,6.7,45.4,30.0,27.0,46.0,39.1,No,High
STU1465,Rohan Srivastava,Female,16,Grade 12,Associate Degree,12.7,81.8,Yes,Yes,Not Completed,7.4,47.2,58.0,51.0,48.0,53.5,Yes,High
STU1466,Rohan Sheikh,Male,16,Grade 12,Some College,3.7,95.3,No,No,Completed,8.3,48.3,46.0,45.0,50.0,48.0,No,High
STU1467,Nisha Singh,Female,19,Grade 11,Some College,14.0,97.2,Yes,Yes,Not Completed,6.2,64.3,64.0,51.0,58.0,61.0,Yes,Medium
STU1468,Dev Deshmukh,Male,16,Grade 11,Some College,2.5,88.3,Yes,Yes,Not Completed,6.1,35.0,25.0,35.0,28.0,27.4,No,High
STU1469,Diya Choudhary,Male,17,Grade 11,High School,29.9,87.5,No,Yes,Not Completed,6.2,55.4,50.0,56.0,64.0,55.4,Yes,Medium
STU1470,Ananya Kapoor,Male,19,Grade 11,Associate Degree,10.2,56.6,Yes,Yes,Not Completed,9.7,43.7,42.0,46.0,57.0,43.3,No,High
STU1471,Ananya Pandey,Male,19,Grade 11,Master's Degree,5.8,68.2,Yes,No,Not Completed,7.0,50.7,39.0,56.0,48.0,48.3,No,High
STU1472,Manav Bhatt,Female,17,Grade 11,Associate Degree,14.6,67.8,Yes,No,Not Completed,5.5,47.5,36.0,40.0,49.0,39.3,No,High
STU1473,Riya Das,Female,16,Grade 11,Some College,4.6,74.6,Yes,Yes,Not Completed,5.6,40.8,34.0,36.0,35.0,32.9,No,High
STU1474,Diya Pillai,Female,19,Grade 11,High School,6.3,75.2,Yes,Yes,Completed,7.7,48.2,34.0,51.0,46.0,47.6,No,High
STU1475,Manav Malhotra,Male,16,Grade 11,Some College,5.1,69.0,Yes,Yes,Not Completed,7.3,35.0,36.0,29.0,28.0,28.5,No,High
STU1476,Nisha Rao,Female,18,Grade 11,High School,4.0,83.7,Yes,No,Not Completed,5.1,36.6,33.0,43.0,33.0,44.6,No,High
STU1477,Sneha Banerjee,Female,17,Grade 11,Bachelor's Degree,3.5,97.9,No,Yes,Completed,6.6,58.2,46.0,65.0,47.0,52.5,Yes,High
STU1478,Suresh Gupta,Female,16,Grade 12,Some College,17.4,78.2,No,Yes,Not Completed,6.3,48.2,50.0,48.0,47.0,46.9,No,High
STU1479,Neha Agarwal,Male,16,Grade 11,High School,20.1,79.8,Yes,Yes,Completed,9.1,71.0,77.0,69.0,70.0,75.5,Yes,Low
STU1480,Pooja Sharma,Female,16,Grade 12,High School,5.1,83.5,Yes,Yes,Not Completed,6.7,35.0,25.0,37.0,28.0,31.5,No,High
STU1481,Meera Das,Female,19,Grade 12,Some College,7.6,77.8,Yes,Yes,Not Completed,7.0,45.2,48.0,31.0,48.0,43.4,No,High
STU1482,Nisha Sheikh,Female,19,Grade 11,Bachelor's Degree,10.9,80.1,Yes,No,Not Completed,9.3,66.1,44.0,63.0,71.0,62.4,Yes,Medium
STU1483,Aryan Jain,Male,19,Grade 12,High School,25.7,76.3,Yes,Yes,Not Completed,5.5,57.5,58.0,49.0,65.0,62.2,Yes,Medium
STU1484,Nikhil Mishra,Male,17,Grade 12,High School,6.9,75.6,Yes,No,Not Completed,6.7,35.0,37.0,25.0,38.0,40.5,No,High
STU1485,Shreya Pillai,Female,18,Grade 11,Bachelor's Degree,3.3,70.6,Yes,Yes,Not Completed,8.7,43.8,37.0,43.0,43.0,38.5,No,High
STU1486,Nisha Khan,Male,18,Grade 10,Some College,7.3,64.9,Yes,No,Not Completed,8.5,36.4,35.0,29.0,44.0,31.1,No,High
STU1487,Akash Choudhary,Female,15,Grade 11,High School,10.5,71.7,No,Yes,Not Completed,7.1,42.9,37.0,53.0,32.0,47.4,No,High
STU1488,Neha Bhatt,Male,16,Grade 10,Some College,7.6,95.1,Yes,Yes,Completed,6.8,49.4,53.0,48.0,54.0,54.8,Yes,High
STU1489,Tanvi Choudhary,Male,19,Grade 10,Some College,2.1,82.8,Yes,Yes,Not Completed,6.1,42.1,37.0,35.0,38.0,39.4,No,High
STU1490,Shreya Rao,Male,18,Grade 12,Some College,10.8,88.4,Yes,No,Not Completed,7.1,46.1,39.0,48.0,47.0,47.3,No,High
STU1491,Shreya Pillai,Female,17,Grade 10,Some College,2.0,79.2,Yes,Yes,Not Completed,8.5,35.0,38.0,39.0,28.0,41.0,No,High
STU1492,Kabir Ghosh,Female,19,Grade 12,Some College,2.0,83.5,Yes,No,Not Completed,5.9,38.0,31.0,38.0,48.0,39.4,No,High
STU1493,Ananya Gupta,Female,15,Grade 10,High School,11.4,98.1,Yes,Yes,Completed,7.3,57.9,60.0,50.0,56.0,60.6,Yes,Medium
STU1494,Manav Malhotra,Female,15,Grade 12,Associate Degree,2.0,51.7,Yes,No,Not Completed,6.5,38.9,42.0,39.0,47.0,45.8,No,High
STU1495,Diya Sharma,Female,19,Grade 11,Associate Degree,5.1,97.5,Yes,No,Not Completed,6.3,58.6,48.0,45.0,63.0,44.8,No,High
STU1496,Aisha Singh,Male,18,Grade 10,Associate Degree,3.9,61.4,No,No,Not Completed,8.2,35.0,32.0,36.0,35.0,33.5,No,High
STU1497,Aarav Bhatt,Female,15,Grade 12,Some College,4.9,85.1,Yes,Yes,Completed,4.9,41.3,42.0,35.0,46.0,47.4,No,High
STU1498,Simran Saxena,Female,19,Grade 12,Bachelor's Degree,10.0,83.2,No,Yes,Not Completed,7.2,53.1,50.0,52.0,46.0,55.3,Yes,Medium
STU1499,Tara Kapoor,Female,15,Grade 12,Associate Degree,11.2,81.1,No,No,Completed,7.2,49.8,35.0,50.0,53.0,46.1,No,High
STU1500,Diya Iyer,Female,19,Grade 12,Some College,7.2,73.2,Yes,Yes,Not Completed,6.6,35.0,42.0,42.0,40.0,42.9,No,High
STU1501,Rahul Pandey,Male,18,Grade 10,Master's Degree,19.7,76.1,Yes,Yes,Completed,6.2,79.0,70.0,73.0,73.0,72.1,Yes,Medium
STU1502,Aisha Sheikh,Male,19,Grade 10,Some College,20.4,83.0,Yes,Yes,Completed,6.9,80.5,78.0,88.0,73.0,73.6,Yes,Medium
STU1503,Dev Mishra,Female,15,Grade 10,Associate Degree,4.3,89.5,Yes,No,Not Completed,8.3,47.9,36.0,43.0,64.0,51.6,Yes,High
STU1504,Zara Jain,Male,19,Grade 11,Associate Degree,11.0,85.5,Yes,Yes,Not Completed,6.5,49.7,43.0,43.0,51.0,42.4,No,High
STU1505,Ananya Sharma,Female,15,Grade 11,Some College,4.8,98.4,Yes,No,Not Completed,7.3,45.3,35.0,58.0,39.0,49.9,No,High
STU1506,Tara Rao,Female,19,Grade 10,Some College,10.9,92.6,Yes,No,Completed,8.6,71.9,65.0,78.0,70.0,72.6,Yes,Medium
STU1507,Dev Agarwal,Male,17,Grade 10,Bachelor's Degree,12.6,89.0,Yes,No,Completed,7.5,70.8,76.0,69.0,60.0,68.0,Yes,Medium
STU1508,Vikram Dhawan,Female,16,Grade 11,Some College,10.6,84.5,No,Yes,Completed,6.2,62.8,57.0,66.0,49.0,63.5,Yes,Medium
STU1509,Priya Agarwal,Female,18,Grade 10,Associate Degree,6.8,81.8,Yes,Yes,Not Completed,8.6,48.9,34.0,41.0,44.0,36.0,No,High
STU1510,Pooja Mehta,Female,19,Grade 11,Associate Degree,5.9,73.5,Yes,Yes,Completed,5.3,53.6,63.0,72.0,52.0,65.7,Yes,Medium
STU1511,Varun Rao,Male,16,Grade 12,Associate Degree,10.7,84.1,Yes,Yes,Not Completed,8.3,45.1,35.0,51.0,38.0,40.5,No,High
STU1512,Sneha Pandey,Female,15,Grade 11,High School,10.6,90.2,Yes,No,Completed,8.3,58.3,53.0,52.0,48.0,54.8,Yes,High
STU1513,Dev Reddy,Male,19,Grade 12,Some College,12.3,88.4,No,Yes,Completed,9.1,54.1,50.0,55.0,49.0,52.1,Yes,High
STU1514,Suresh Sheikh,Male,15,Grade 12,High School,12.2,71.2,Yes,Yes,Not Completed,4.5,41.0,25.0,44.0,39.0,37.7,No,High
STU1515,Simran Srivastava,Male,16,Grade 11,Bachelor's Degree,3.0,73.0,Yes,Yes,Completed,8.9,63.1,61.0,58.0,54.0,60.0,Yes,Medium
STU1516,Neha Jain,Male,16,Grade 12,Some College,9.0,84.2,Yes,Yes,Not Completed,7.2,45.7,48.0,42.0,51.0,57.0,Yes,Medium
STU1517,Kritika Jain,Female,19,Grade 11,Bachelor's Degree,4.6,68.2,Yes,Yes,Completed,7.7,48.7,52.0,57.0,53.0,55.9,Yes,Medium
STU1518,Kavya Reddy,Female,17,Grade 10,High School,20.0,80.0,Yes,Yes,Not Completed,6.5,55.9,60.0,52.0,61.0,57.7,Yes,Medium
STU1519,Siddharth Verma,Male,17,Grade 11,Some College,5.8,88.5,Yes,No,Not Completed,6.6,37.1,43.0,32.0,29.0,39.1,No,High
STU1520,Arjun Joshi,Female,17,Grade 11,Bachelor's Degree,3.0,91.8,Yes,No,Completed,6.2,56.0,51.0,59.0,57.0,51.3,Yes,High
STU1521,Aisha Dhawan,Female,16,Grade 10,Bachelor's Degree,7.8,86.3,No,No,Not Completed,6.1,50.7,43.0,48.0,57.0,48.0,No,High
STU1522,Riya Menon,Male,19,Grade 12,Some College,12.9,86.2,Yes,No,Completed,6.6,59.9,55.0,58.0,55.0,49.2,No,High
STU1523,Kartik Bhatt,Female,15,Grade 10,High School,8.0,80.5,Yes,Yes,Completed,6.1,45.4,62.0,50.0,50.0,57.6,Yes,Medium
STU1524,Nikhil Joshi,Male,18,Grade 10,Associate Degree,4.7,66.4,Yes,No,Not Completed,5.9,35.9,26.0,39.0,35.0,34.9,No,High
STU1525,Aryan Bhatt,Male,15,Grade 12,Some College,5.0,67.6,Yes,Yes,Not Completed,6.9,39.1,45.0,36.0,47.0,35.2,No,High
STU1526,Neha Iyer,Female,18,Grade 10,High School,8.9,82.9,Yes,Yes,Completed,6.0,39.4,33.0,29.0,39.0,34.9,No,High
STU1527,Kabir Dhawan,Male,17,Grade 11,High School,11.0,71.8,Yes,No,Not Completed,8.1,47.7,42.0,50.0,44.0,45.7,No,High
STU1528,Diya Reddy,Female,18,Grade 11,High School,7.1,73.7,Yes,No,Completed,8.0,39.5,44.0,45.0,42.0,44.5,No,High
STU1529,Manav Mishra,Male,15,Grade 11,High School,10.6,67.9,No,Yes,Not Completed,6.7,38.5,46.0,42.0,33.0,47.1,No,High
STU1530,Rahul Iyer,Male,19,Grade 12,High School,15.7,94.9,Yes,No,Not Completed,8.5,54.7,53.0,53.0,44.0,51.7,Yes,High
STU1531,Aditya Pillai,Female,16,Grade 11,Some College,8.0,84.4,No,No,Completed,7.4,44.8,52.0,46.0,47.0,56.1,Yes,Medium
STU1532,Aarav Sheikh,Male,19,Grade 11,Master's Degree,4.2,73.0,Yes,Yes,Not Completed,8.8,49.4,55.0,48.0,39.0,48.8,No,High
STU1533,Tanvi Srivastava,Male,18,Grade 12,Associate Degree,16.3,51.0,No,Yes,Completed,6.7,53.1,56.0,56.0,57.0,50.7,Yes,High
STU1534,Suresh Malhotra,Male,17,Grade 12,High School,13.9,79.8,Yes,No,Not Completed,7.1,43.8,35.0,39.0,42.0,45.6,No,High
STU1535,Aditya Das,Male,16,Grade 11,Master's Degree,10.9,91.0,Yes,Yes,Not Completed,6.1,67.5,58.0,51.0,74.0,53.5,Yes,High
STU1536,Karan Saxena,Male,19,Grade 10,Master's Degree,13.0,82.3,Yes,No,Completed,7.7,71.5,64.0,71.0,74.0,73.4,Yes,Medium
STU1537,Karan Jain,Male,18,Grade 11,Bachelor's Degree,4.2,65.7,Yes,Yes,Completed,6.6,41.5,55.0,28.0,37.0,43.3,No,High
STU1538,Meera Banerjee,Female,19,Grade 10,Associate Degree,13.2,90.5,No,No,Completed,6.3,58.6,70.0,55.0,58.0,64.9,Yes,Medium
STU1539,Lavanya Agarwal,Male,17,Grade 12,Master's Degree,3.5,85.7,Yes,No,Not Completed,5.1,44.1,38.0,52.0,38.0,48.3,No,High
STU1540,Vikram Bhatt,Male,16,Grade 12,High School,14.4,45.0,Yes,No,Completed,6.4,47.4,36.0,44.0,53.0,42.4,No,High
STU1541,Pooja Iyer,Male,16,Grade 12,Master's Degree,3.1,98.2,Yes,No,Not Completed,7.7,50.1,34.0,47.0,49.0,45.6,No,High
STU1542,Tara Jain,Female,18,Grade 12,High School,10.8,82.8,No,Yes,Not Completed,7.9,46.6,47.0,49.0,43.0,50.7,Yes,High
STU1543,Aman Sheikh,Male,19,Grade 10,Associate Degree,6.4,77.1,Yes,No,Not Completed,7.8,45.5,48.0,49.0,42.0,50.3,Yes,High
STU1544,Aisha Joshi,Female,16,Grade 12,High School,2.4,85.8,Yes,Yes,Completed,6.8,53.1,49.0,57.0,38.0,60.3,Yes,Medium
STU1545,Nikhil Mehta,Female,19,Grade 12,Some College,8.6,87.7,Yes,No,Not Completed,6.5,47.7,57.0,50.0,53.0,51.8,Yes,High
STU1546,Zara Rao,Male,15,Grade 10,Some College,5.4,78.7,Yes,Yes,Not Completed,6.3,50.3,42.0,54.0,45.0,46.6,No,High
STU1547,Arjun Tiwari,Female,19,Grade 12,Some College,9.3,92.2,No,No,Not Completed,7.9,53.5,44.0,47.0,46.0,40.3,No,High
STU1548,Bhavna Choudhary,Male,17,Grade 11,High School,8.5,76.7,Yes,Yes,Not Completed,7.4,44.5,51.0,43.0,53.0,53.8,Yes,High
STU1549,Lavanya Verma,Male,15,Grade 11,Master's Degree,11.0,59.9,Yes,Yes,Not Completed,9.1,58.0,46.0,61.0,60.0,58.8,Yes,Medium
STU1550,Arjun Saxena,Male,15,Grade 10,Some College,8.2,88.7,Yes,Yes,Completed,9.3,61.3,42.0,56.0,48.0,46.8,No,High
STU1551,Diya Pandey,Male,17,Grade 11,Some College,14.9,70.7,Yes,Yes,Not Completed,6.4,54.6,60.0,37.0,49.0,55.9,Yes,Medium
STU1552,Nisha Das,Male,18,Grade 10,Some College,3.4,81.0,Yes,Yes,Not Completed,8.0,43.7,37.0,37.0,34.0,39.4,No,High
STU1553,Harsh Srivastava,Male,15,Grade 11,Some College,4.5,76.5,Yes,Yes,Not Completed,7.1,42.0,49.0,44.0,29.0,44.8,No,High
STU1554,Rohan Krishnan,Female,17,Grade 12,Bachelor's Degree,5.5,86.1,Yes,Yes,Completed,6.9,63.1,62.0,71.0,56.0,68.4,Yes,Medium
STU1555,Arjun Mehta,Female,19,Grade 10,Bachelor's Degree,9.6,86.7,Yes,No,Not Completed,6.0,57.3,53.0,56.0,54.0,60.1,Yes,Medium
STU1556,Neha Mehta,Male,19,Grade 11,High School,7.9,74.9,Yes,Yes,Not Completed,6.5,35.0,25.0,25.0,33.0,33.8,No,High
STU1557,Lavanya Choudhary,Male,16,Grade 10,Associate Degree,6.1,80.4,Yes,Yes,Not Completed,6.8,45.9,38.0,45.0,37.0,41.8,No,High
STU1558,Tara Sheikh,Female,19,Grade 10,Master's Degree,20.8,81.3,Yes,Yes,Not Completed,8.0,61.7,57.0,62.0,58.0,61.9,Yes,Medium
STU1559,Harsh Menon,Male,15,Grade 12,Master's Degree,8.4,71.7,Yes,Yes,Not Completed,5.9,46.2,34.0,44.0,35.0,41.1,No,High
STU1560,Nisha Agarwal,Male,15,Grade 12,Associate Degree,11.4,69.4,Yes,Yes,Not Completed,7.2,40.8,42.0,34.0,38.0,43.5,No,High
STU1561,Arjun Kapoor,Male,17,Grade 10,Some College,8.1,91.4,Yes,Yes,Not Completed,7.4,43.4,39.0,48.0,44.0,51.0,Yes,High
STU1562,Lavanya Krishnan,Male,18,Grade 12,Some College,6.1,50.4,Yes,No,Not Completed,7.1,35.0,37.0,38.0,38.0,41.7,No,High
STU1563,Karan Jain,Male,19,Grade 10,Some College,6.6,53.3,Yes,No,Not Completed,7.7,35.0,49.0,25.0,33.0,34.1,No,High
STU1564,Nikhil Pandey,Male,19,Grade 10,High School,5.9,87.6,Yes,No,Not Completed,6.1,35.9,31.0,37.0,43.0,31.5,No,High
STU1565,Pooja Joshi,Female,17,Grade 10,High School,22.0,81.6,Yes,No,Completed,8.0,68.3,60.0,73.0,65.0,60.1,Yes,Medium
STU1566,Kavya Mishra,Female,16,Grade 11,Associate Degree,4.6,94.8,No,Yes,Not Completed,8.8,37.9,37.0,37.0,35.0,45.7,No,High
STU1567,Diya Jain,Male,19,Grade 10,Some College,7.3,76.5,Yes,Yes,Not Completed,7.0,49.1,43.0,66.0,52.0,55.3,Yes,Medium
STU1568,Akash Jain,Male,16,Grade 11,High School,9.8,78.2,Yes,Yes,Not Completed,6.2,47.9,35.0,54.0,43.0,43.9,No,High
STU1569,Varun Kapoor,Female,18,Grade 11,Associate Degree,8.4,58.1,Yes,Yes,Not Completed,6.3,35.8,31.0,25.0,38.0,40.5,No,High
STU1570,Kabir Kapoor,Male,18,Grade 12,Some College,4.9,86.4,Yes,No,Not Completed,8.6,39.7,33.0,39.0,43.0,44.1,No,High
STU1571,Ananya Pandey,Female,18,Grade 10,Master's Degree,8.5,76.9,Yes,No,Not Completed,6.1,52.8,51.0,55.0,50.0,51.4,Yes,High
STU1572,Aditya Jain,Male,18,Grade 12,High School,11.7,98.2,Yes,Yes,Not Completed,6.8,50.9,49.0,48.0,48.0,56.0,Yes,Medium
STU1573,Shreya Bhatt,Male,18,Grade 10,Master's Degree,18.6,80.6,No,No,Completed,6.7,66.5,72.0,64.0,65.0,72.7,Yes,Medium
STU1574,Sneha Patel,Female,17,Grade 10,Some College,25.4,81.4,Yes,Yes,Completed,7.5,77.6,89.0,82.0,74.0,77.2,Yes,Low
STU1575,Simran Choudhary,Male,16,Grade 11,High School,11.0,66.1,Yes,No,Not Completed,5.7,36.8,38.0,28.0,28.0,37.1,No,High
STU1576,Akash Ghosh,Female,19,Grade 10,Bachelor's Degree,8.0,91.0,No,No,Not Completed,7.1,56.4,54.0,45.0,64.0,57.2,Yes,Medium
STU1577,Simran Khan,Female,18,Grade 12,High School,3.1,60.2,Yes,No,Not Completed,7.9,35.0,35.0,36.0,35.0,28.8,No,High
STU1578,Nisha Menon,Female,16,Grade 11,Master's Degree,14.2,45.0,Yes,No,Not Completed,5.8,48.4,42.0,49.0,46.0,44.9,No,High
STU1579,Rohan Srivastava,Male,17,Grade 10,High School,10.1,85.9,Yes,No,Not Completed,5.0,43.8,29.0,48.0,36.0,41.3,No,High
STU1580,Harsh Krishnan,Female,16,Grade 12,Bachelor's Degree,7.2,90.4,Yes,Yes,Not Completed,7.2,46.7,49.0,61.0,40.0,54.0,Yes,High
STU1581,Kritika Pandey,Male,16,Grade 12,Associate Degree,9.2,71.7,Yes,No,Not Completed,5.8,35.4,25.0,25.0,33.0,25.0,No,High
STU1582,Kabir Agarwal,Female,15,Grade 12,Bachelor's Degree,15.8,50.6,Yes,Yes,Completed,7.5,52.7,51.0,40.0,64.0,44.5,No,High
STU1583,Nikhil Dhawan,Female,17,Grade 12,Bachelor's Degree,7.3,75.4,Yes,No,Completed,9.3,50.0,56.0,48.0,48.0,58.6,Yes,Medium
STU1584,Aryan Saxena,Male,19,Grade 12,High School,5.1,68.8,Yes,Yes,Not Completed,5.5,35.0,41.0,28.0,30.0,38.1,No,High
STU1585,Arjun Malhotra,Male,15,Grade 11,Master's Degree,12.3,67.9,Yes,Yes,Completed,6.3,54.5,40.0,61.0,48.0,48.7,No,High
STU1586,Kabir Malhotra,Female,16,Grade 12,Bachelor's Degree,5.1,86.4,Yes,No,Not Completed,7.7,58.0,57.0,61.0,54.0,53.2,Yes,High
STU1587,Karan Iyer,Male,18,Grade 10,Some College,9.8,94.2,Yes,Yes,Not Completed,7.2,51.7,52.0,52.0,54.0,59.5,Yes,Medium
STU1588,Akash Dhawan,Male,18,Grade 11,Some College,7.6,83.0,No,No,Completed,4.4,48.8,55.0,51.0,50.0,46.8,No,High
STU1589,Vikram Joshi,Male,19,Grade 12,Bachelor's Degree,9.1,88.8,Yes,No,Completed,6.7,62.5,71.0,56.0,59.0,68.5,Yes,Medium
STU1590,Simran Khan,Male,18,Grade 11,Some College,19.0,96.4,No,Yes,Completed,8.6,57.2,68.0,56.0,54.0,61.0,Yes,Medium
STU1591,Kritika Sharma,Female,18,Grade 12,Bachelor's Degree,15.0,77.3,Yes,Yes,Not Completed,6.7,63.3,71.0,56.0,46.0,63.9,Yes,Medium
STU1592,Nikhil Reddy,Male,16,Grade 11,High School,6.7,66.1,Yes,Yes,Not Completed,5.4,39.5,42.0,49.0,33.0,45.7,No,High
STU1593,Nisha Ghosh,Male,17,Grade 11,Bachelor's Degree,18.2,87.6,Yes,Yes,Not Completed,6.4,64.3,60.0,53.0,68.0,56.4,Yes,Medium
STU1594,Tanvi Malhotra,Male,17,Grade 12,Associate Degree,3.5,67.9,No,Yes,Not Completed,8.3,35.0,35.0,25.0,28.0,31.3,No,High
STU1595,Ananya Gupta,Female,18,Grade 10,Bachelor's Degree,6.8,85.8,Yes,No,Not Completed,5.6,53.9,51.0,50.0,62.0,62.3,Yes,Medium
STU1596,Meera Mehta,Male,18,Grade 10,Associate Degree,11.1,86.5,Yes,No,Not Completed,8.2,62.0,58.0,68.0,57.0,65.5,Yes,Medium
STU1597,Tara Banerjee,Female,17,Grade 10,Master's Degree,4.1,83.6,Yes,No,Not Completed,5.8,50.4,53.0,50.0,35.0,49.9,No,High
STU1598,Simran Joshi,Male,17,Grade 10,Some College,8.3,76.9,No,No,Completed,7.0,52.8,67.0,41.0,50.0,49.7,No,High
STU1599,Aisha Mehta,Female,18,Grade 12,Bachelor's Degree,12.3,82.7,Yes,No,Not Completed,6.8,49.9,57.0,39.0,38.0,49.3,No,High
STU1600,Pooja Choudhary,Male,15,Grade 12,Bachelor's Degree,4.6,97.4,Yes,No,Completed,7.3,61.0,57.0,57.0,78.0,68.0,Yes,Medium
STU1601,Arjun Sharma,Female,18,Grade 10,Some College,6.9,99.1,Yes,No,Not Completed,7.9,43.0,30.0,52.0,46.0,48.8,No,High
STU1602,Kabir Choudhary,Male,15,Grade 10,Associate Degree,7.0,82.8,Yes,Yes,Completed,8.0,57.6,59.0,53.0,51.0,61.0,Yes,Medium
STU1603,Tanvi Krishnan,Male,16,Grade 11,Bachelor's Degree,8.7,64.7,Yes,Yes,Not Completed,8.5,54.4,53.0,64.0,50.0,53.3,Yes,High
STU1604,Vikram Choudhary,Male,15,Grade 12,Associate Degree,3.6,80.5,No,No,Completed,8.3,38.5,28.0,39.0,41.0,37.0,No,High
STU1605,Arjun Nair,Male,17,Grade 11,Associate Degree,6.4,97.7,Yes,Yes,Not Completed,8.5,54.0,44.0,44.0,57.0,54.4,Yes,High
STU1606,Kabir Jain,Female,16,Grade 10,Bachelor's Degree,5.9,77.1,Yes,No,Not Completed,7.2,47.5,46.0,51.0,47.0,49.6,No,High
STU1607,Bhavna Sharma,Female,18,Grade 11,Associate Degree,12.4,59.6,Yes,Yes,Not Completed,6.6,41.1,36.0,46.0,44.0,42.1,No,High
STU1608,Nisha Verma,Male,19,Grade 12,High School,16.7,70.4,Yes,Yes,Completed,7.1,62.5,68.0,58.0,51.0,56.5,Yes,Medium
STU1609,Harsh Agarwal,Female,15,Grade 10,Some College,19.4,92.0,Yes,No,Not Completed,6.5,52.0,53.0,59.0,52.0,53.2,Yes,High
STU1610,Meera Jain,Male,18,Grade 11,High School,13.9,86.2,Yes,Yes,Not Completed,4.6,48.6,53.0,44.0,57.0,54.6,Yes,High
STU1611,Kabir Iyer,Male,15,Grade 10,Bachelor's Degree,6.7,76.5,Yes,Yes,Not Completed,6.7,56.4,50.0,57.0,58.0,52.5,Yes,High
STU1612,Neha Saxena,Female,17,Grade 10,High School,6.0,87.9,Yes,Yes,Completed,6.8,51.7,48.0,53.0,60.0,52.7,Yes,High
STU1613,Bhavna Banerjee,Male,17,Grade 12,Associate Degree,10.7,68.4,Yes,Yes,Not Completed,6.7,47.1,35.0,49.0,41.0,30.1,No,High
STU1614,Ananya Iyer,Male,18,Grade 10,Master's Degree,12.0,69.0,No,No,Not Completed,6.8,50.6,41.0,48.0,47.0,46.8,No,High
STU1615,Kavya Ghosh,Female,19,Grade 10,Bachelor's Degree,5.0,81.7,Yes,Yes,Not Completed,6.7,44.1,48.0,41.0,41.0,44.7,No,High
STU1616,Aisha Deshmukh,Female,18,Grade 12,High School,13.3,83.9,No,No,Not Completed,6.6,54.2,47.0,62.0,57.0,52.4,Yes,High
STU1617,Manav Khan,Female,18,Grade 10,Some College,11.7,55.7,Yes,Yes,Not Completed,6.6,43.6,51.0,34.0,48.0,42.1,No,High
STU1618,Priya Reddy,Female,17,Grade 10,Bachelor's Degree,7.8,81.7,Yes,No,Completed,7.8,63.9,64.0,48.0,60.0,53.7,Yes,High
STU1619,Rohan Singh,Male,19,Grade 11,Bachelor's Degree,14.3,78.2,Yes,Yes,Completed,10.0,62.9,54.0,64.0,59.0,64.5,Yes,Medium
STU1620,Kartik Bhatt,Male,18,Grade 10,Associate Degree,5.4,86.6,Yes,Yes,Not Completed,7.5,38.7,37.0,40.0,37.0,46.5,No,High
STU1621,Varun Verma,Male,15,Grade 11,Some College,5.2,92.7,No,Yes,Completed,4.0,47.9,47.0,45.0,46.0,49.5,No,High
STU1622,Sneha Agarwal,Female,19,Grade 11,High School,7.8,87.7,Yes,No,Completed,6.9,52.3,52.0,45.0,53.0,50.5,Yes,High
STU1623,Zara Reddy,Male,18,Grade 12,High School,18.5,89.4,Yes,Yes,Not Completed,8.2,50.3,50.0,37.0,42.0,52.0,Yes,High
STU1624,Kavya Singh,Female,15,Grade 11,Some College,5.7,95.0,Yes,Yes,Not Completed,7.8,44.5,34.0,52.0,50.0,48.2,No,High
STU1625,Meera Pillai,Female,17,Grade 12,Bachelor's Degree,6.1,60.5,Yes,No,Completed,7.3,50.6,43.0,52.0,54.0,49.5,No,High
STU1626,Riya Krishnan,Female,16,Grade 12,Bachelor's Degree,5.1,68.6,Yes,No,Completed,8.2,47.7,45.0,53.0,55.0,53.8,Yes,High
STU1627,Aarav Mehta,Male,17,Grade 12,Bachelor's Degree,8.8,76.8,Yes,No,Completed,4.0,61.9,63.0,67.0,69.0,69.9,Yes,Medium
STU1628,Bhavna Tiwari,Female,17,Grade 10,Bachelor's Degree,8.8,66.0,Yes,No,Completed,7.0,52.1,51.0,48.0,47.0,42.5,No,High
STU1629,Simran Krishnan,Female,17,Grade 11,High School,12.9,74.5,Yes,Yes,Not Completed,7.6,50.9,58.0,43.0,59.0,52.7,Yes,High
STU1630,Simran Reddy,Male,19,Grade 12,Bachelor's Degree,20.5,88.9,Yes,Yes,Not Completed,8.2,64.9,70.0,59.0,56.0,61.5,Yes,Medium
STU1631,Vikram Ghosh,Male,19,Grade 11,High School,12.1,88.2,No,Yes,Not Completed,8.2,43.9,41.0,28.0,41.0,42.9,No,High
STU1632,Ananya Ghosh,Female,17,Grade 10,Master's Degree,7.3,70.7,Yes,Yes,Not Completed,8.8,44.6,39.0,41.0,36.0,33.8,No,High
STU1633,Rahul Nair,Female,16,Grade 12,High School,5.9,82.0,Yes,Yes,Not Completed,7.1,43.5,46.0,49.0,30.0,46.9,No,High
STU1634,Kartik Sharma,Female,15,Grade 10,High School,12.6,86.2,Yes,Yes,Not Completed,5.4,50.4,44.0,44.0,38.0,45.1,No,High
STU1635,Rohan Das,Male,18,Grade 10,Master's Degree,5.2,93.8,Yes,No,Completed,8.0,58.4,41.0,50.0,56.0,47.1,No,High
STU1636,Riya Gupta,Male,16,Grade 11,Associate Degree,6.2,84.1,Yes,Yes,Not Completed,7.2,43.0,35.0,34.0,58.0,42.7,No,High
STU1637,Kavya Bhatt,Male,17,Grade 10,Associate Degree,3.5,76.1,Yes,Yes,Not Completed,6.4,45.0,53.0,53.0,49.0,48.7,No,High
STU1638,Akash Khan,Female,19,Grade 12,Some College,3.7,92.1,Yes,Yes,Not Completed,7.5,45.5,43.0,50.0,40.0,48.8,No,High
STU1639,Ananya Kapoor,Female,19,Grade 10,Associate Degree,6.2,75.6,No,Yes,Completed,6.5,53.7,52.0,44.0,58.0,58.8,Yes,Medium
STU1640,Zara Reddy,Male,17,Grade 11,Bachelor's Degree,10.3,45.0,Yes,No,Completed,8.2,47.1,44.0,35.0,44.0,36.5,No,High
STU1641,Karan Joshi,Male,15,Grade 11,High School,9.5,84.7,Yes,Yes,Not Completed,6.3,48.1,44.0,41.0,58.0,51.3,Yes,High
STU1642,Aditya Saxena,Male,19,Grade 10,Some College,10.5,87.9,No,Yes,Completed,8.5,56.5,54.0,54.0,56.0,59.1,Yes,Medium
STU1643,Lavanya Khan,Male,16,Grade 12,Master's Degree,5.6,82.8,Yes,Yes,Not Completed,8.7,51.5,50.0,50.0,48.0,44.5,No,High
STU1644,Varun Iyer,Female,15,Grade 11,Associate Degree,4.2,95.6,Yes,Yes,Completed,6.4,57.5,49.0,49.0,43.0,55.1,Yes,Medium
STU1645,Priya Choudhary,Male,15,Grade 11,Associate Degree,2.0,78.4,Yes,No,Not Completed,7.7,49.0,42.0,53.0,51.0,39.1,No,High
STU1646,Aarav Jain,Male,15,Grade 10,High School,4.8,66.7,No,No,Not Completed,7.7,35.0,30.0,38.0,38.0,35.2,No,High
STU1647,Bhavna Iyer,Male,18,Grade 10,High School,7.8,88.6,Yes,Yes,Not Completed,7.1,39.3,36.0,32.0,38.0,37.3,No,High
STU1648,Diya Dhawan,Female,15,Grade 10,Bachelor's Degree,5.8,65.7,Yes,No,Completed,7.1,48.0,48.0,49.0,48.0,49.2,No,High
STU1649,Bhavna Bhatt,Male,18,Grade 12,Associate Degree,6.0,75.1,Yes,No,Completed,6.9,44.6,31.0,36.0,45.0,38.3,No,High
STU1650,Sneha Nair,Female,18,Grade 10,Master's Degree,14.0,83.5,Yes,Yes,Not Completed,6.1,56.7,51.0,60.0,53.0,57.4,Yes,Medium
STU1651,Kritika Singh,Male,16,Grade 10,Associate Degree,7.4,82.5,Yes,No,Not Completed,7.8,51.3,46.0,47.0,52.0,47.2,No,High
STU1652,Aryan Tiwari,Male,18,Grade 12,Bachelor's Degree,8.8,88.7,No,Yes,Completed,7.5,66.6,50.0,61.0,51.0,55.8,Yes,Medium
STU1653,Karan Deshmukh,Male,17,Grade 10,Bachelor's Degree,13.5,80.7,Yes,Yes,Not Completed,8.3,66.3,61.0,63.0,59.0,59.5,Yes,Medium
STU1654,Vikram Banerjee,Female,19,Grade 10,Some College,5.0,77.2,Yes,Yes,Not Completed,9.0,45.5,42.0,49.0,41.0,49.1,No,High
STU1655,Diya Nair,Female,18,Grade 11,Some College,3.9,83.1,Yes,No,Not Completed,7.3,37.2,36.0,42.0,28.0,46.8,No,High
STU1656,Karan Bhatt,Female,19,Grade 11,Associate Degree,14.4,83.7,Yes,Yes,Not Completed,7.9,63.0,49.0,57.0,65.0,55.3,Yes,Medium
STU1657,Nisha Srivastava,Male,18,Grade 11,Bachelor's Degree,5.5,84.3,No,Yes,Not Completed,8.0,47.1,49.0,41.0,53.0,58.4,Yes,Medium
STU1658,Meera Joshi,Female,17,Grade 12,Master's Degree,4.0,77.0,Yes,No,Completed,6.4,51.7,47.0,45.0,53.0,54.9,Yes,High
STU1659,Suresh Gupta,Female,17,Grade 10,High School,9.4,87.8,Yes,Yes,Completed,5.6,51.3,38.0,42.0,49.0,48.9,No,High
STU1660,Sneha Iyer,Male,18,Grade 12,Some College,18.0,88.8,Yes,Yes,Completed,8.3,57.7,58.0,60.0,43.0,59.3,Yes,Medium
STU1661,Ananya Mishra,Male,16,Grade 10,Some College,7.2,85.8,Yes,Yes,Completed,6.4,59.2,64.0,59.0,71.0,72.6,Yes,Medium
STU1662,Zara Srivastava,Female,15,Grade 11,High School,3.2,57.0,Yes,Yes,Not Completed,8.1,35.0,36.0,30.0,35.0,38.5,No,High
STU1663,Arjun Malhotra,Female,15,Grade 10,Some College,10.8,79.7,Yes,Yes,Completed,4.0,64.3,61.0,48.0,61.0,57.8,Yes,Medium
STU1664,Dev Malhotra,Female,18,Grade 11,Some College,4.8,94.8,No,Yes,Not Completed,8.2,45.5,45.0,55.0,46.0,56.6,Yes,Medium
STU1665,Sneha Tiwari,Female,15,Grade 10,Some College,15.6,91.8,Yes,Yes,Completed,6.0,67.0,65.0,68.0,58.0,58.6,Yes,Medium
STU1666,Aditya Srivastava,Female,15,Grade 11,Bachelor's Degree,17.8,97.2,Yes,Yes,Completed,6.3,74.7,69.0,74.0,72.0,65.4,Yes,Medium
STU1667,Meera Gupta,Male,15,Grade 10,Bachelor's Degree,7.0,74.2,Yes,Yes,Not Completed,6.7,48.6,50.0,47.0,50.0,46.8,No,High
STU1668,Akash Menon,Male,18,Grade 10,Associate Degree,3.9,90.9,Yes,No,Not Completed,5.5,37.6,38.0,41.0,40.0,44.7,No,High
STU1669,Siddharth Menon,Female,17,Grade 10,Master's Degree,3.6,77.2,Yes,No,Completed,5.6,60.3,66.0,50.0,66.0,60.2,Yes,Medium
STU1670,Riya Dhawan,Male,18,Grade 10,High School,10.7,68.8,Yes,No,Completed,4.8,58.1,54.0,65.0,47.0,56.2,Yes,Medium
STU1671,Rohan Iyer,Male,18,Grade 11,High School,5.7,85.6,Yes,Yes,Completed,7.2,50.8,49.0,47.0,54.0,51.9,Yes,High
STU1672,Neha Das,Female,15,Grade 11,Some College,8.0,87.2,No,Yes,Not Completed,6.2,43.7,45.0,43.0,43.0,51.2,Yes,High
STU1673,Siddharth Malhotra,Male,16,Grade 12,High School,2.5,92.5,Yes,No,Completed,7.9,49.4,48.0,41.0,44.0,52.5,Yes,High
STU1674,Bhavna Iyer,Female,18,Grade 12,Master's Degree,3.8,82.8,Yes,No,Not Completed,8.4,38.0,39.0,37.0,40.0,37.3,No,High
STU1675,Nikhil Das,Male,17,Grade 12,High School,5.8,83.6,Yes,Yes,Not Completed,5.8,46.9,47.0,48.0,40.0,45.7,No,High
STU1676,Kartik Deshmukh,Male,17,Grade 10,High School,2.0,85.1,Yes,Yes,Not Completed,8.1,45.6,49.0,36.0,50.0,52.1,Yes,High
STU1677,Priya Deshmukh,Female,15,Grade 11,Some College,3.8,83.8,No,Yes,Completed,6.1,48.5,42.0,46.0,51.0,45.4,No,High
STU1678,Ananya Das,Male,19,Grade 10,Bachelor's Degree,5.5,52.2,Yes,Yes,Completed,7.3,37.2,46.0,33.0,41.0,46.3,No,High
STU1679,Ishaan Nair,Female,16,Grade 11,Some College,8.3,79.0,Yes,No,Not Completed,7.1,42.7,32.0,45.0,44.0,37.6,No,High
STU1680,Varun Singh,Female,19,Grade 11,High School,4.7,90.1,Yes,Yes,Not Completed,8.0,36.9,29.0,37.0,30.0,40.3,No,High
STU1681,Nikhil Kapoor,Female,16,Grade 12,Bachelor's Degree,15.8,87.9,Yes,No,Not Completed,7.2,67.0,59.0,71.0,68.0,67.1,Yes,Medium
STU1682,Karan Pandey,Female,17,Grade 12,Some College,11.6,86.8,Yes,Yes,Completed,7.1,45.3,49.0,45.0,45.0,46.8,No,High
STU1683,Akash Verma,Female,18,Grade 12,Some College,10.8,81.5,Yes,Yes,Completed,6.4,66.8,78.0,78.0,63.0,65.8,Yes,Medium
STU1684,Pooja Kapoor,Male,15,Grade 10,Some College,14.4,83.6,Yes,Yes,Not Completed,7.6,49.1,48.0,57.0,52.0,51.1,Yes,High
STU1685,Ananya Choudhary,Female,15,Grade 12,High School,4.3,73.2,Yes,Yes,Not Completed,6.0,39.0,43.0,42.0,47.0,43.1,No,High
STU1686,Aman Sharma,Male,19,Grade 10,Some College,14.0,94.6,Yes,No,Not Completed,6.7,53.0,44.0,39.0,49.0,50.0,Yes,High
STU1687,Kabir Rao,Female,17,Grade 10,High School,4.6,66.5,Yes,Yes,Completed,7.5,44.7,38.0,41.0,39.0,41.1,No,High
STU1688,Priya Verma,Female,15,Grade 12,Some College,4.8,78.5,Yes,Yes,Not Completed,6.0,41.0,44.0,43.0,34.0,50.6,Yes,High
STU1689,Aisha Reddy,Male,18,Grade 12,Bachelor's Degree,2.9,75.9,Yes,No,Completed,5.1,49.0,52.0,54.0,50.0,50.8,Yes,High
STU1690,Arjun Rao,Male,17,Grade 10,Some College,4.5,90.7,Yes,No,Not Completed,7.2,44.2,37.0,45.0,46.0,46.3,No,High
STU1691,Ishaan Menon,Male,17,Grade 10,Some College,14.8,96.6,Yes,Yes,Not Completed,7.2,59.5,63.0,70.0,49.0,62.8,Yes,Medium
STU1692,Neha Pandey,Female,19,Grade 10,Bachelor's Degree,6.5,84.3,Yes,Yes,Not Completed,6.9,46.4,52.0,43.0,47.0,46.0,No,High
STU1693,Siddharth Mishra,Male,16,Grade 10,Associate Degree,6.1,82.6,No,Yes,Completed,7.8,58.3,52.0,49.0,41.0,45.8,No,High
STU1694,Aarav Sheikh,Female,16,Grade 12,High School,8.1,79.3,Yes,No,Not Completed,5.2,35.0,27.0,37.0,30.0,34.0,No,High
STU1695,Karan Choudhary,Female,18,Grade 10,Master's Degree,10.6,91.4,Yes,No,Completed,7.5,69.3,61.0,59.0,82.0,64.9,Yes,Medium
STU1696,Tanvi Reddy,Female,17,Grade 11,Some College,2.6,84.4,Yes,Yes,Completed,6.8,40.3,39.0,44.0,40.0,46.0,No,High
STU1697,Ishaan Joshi,Male,18,Grade 10,High School,5.2,89.2,Yes,Yes,Not Completed,6.8,46.0,39.0,39.0,46.0,48.5,No,High
STU1698,Rahul Agarwal,Female,15,Grade 11,Some College,7.2,93.1,No,Yes,Completed,7.1,55.3,48.0,50.0,67.0,53.4,Yes,High
STU1699,Rahul Nair,Female,15,Grade 11,Master's Degree,3.9,99.1,Yes,Yes,Not Completed,7.7,55.5,48.0,52.0,53.0,55.8,Yes,Medium
STU1700,Harsh Bhatt,Female,18,Grade 11,Associate Degree,10.7,88.0,Yes,Yes,Completed,8.5,62.1,58.0,65.0,66.0,58.2,Yes,Medium
STU1701,Siddharth Pandey,Male,15,Grade 11,Master's Degree,8.2,91.7,Yes,No,Completed,7.3,70.1,76.0,70.0,69.0,73.0,Yes,Medium
STU1702,Akash Choudhary,Female,18,Grade 10,Associate Degree,2.0,68.5,Yes,No,Not Completed,7.0,35.0,25.0,50.0,36.0,37.3,No,High
STU1703,Rohan Saxena,Female,17,Grade 11,Bachelor's Degree,15.9,95.9,Yes,Yes,Completed,8.1,65.0,55.0,55.0,53.0,57.3,Yes,Medium
STU1704,Arjun Reddy,Male,16,Grade 11,Bachelor's Degree,7.4,85.2,No,No,Completed,5.1,51.7,39.0,55.0,58.0,51.5,Yes,High
STU1705,Ishaan Reddy,Female,17,Grade 12,Master's Degree,2.7,78.5,Yes,Yes,Not Completed,7.8,43.1,38.0,42.0,42.0,46.3,No,High
STU1706,Ritu Das,Female,18,Grade 12,High School,6.8,81.3,No,Yes,Not Completed,8.0,38.2,27.0,46.0,41.0,44.0,No,High
STU1707,Ishaan Menon,Female,15,Grade 10,Associate Degree,9.8,78.3,Yes,Yes,Completed,6.4,51.7,42.0,40.0,44.0,43.3,No,High
STU1708,Tanvi Agarwal,Female,18,Grade 12,High School,10.0,91.6,No,No,Not Completed,8.4,37.6,39.0,39.0,36.0,44.8,No,High
STU1709,Neha Tiwari,Male,17,Grade 10,Some College,8.1,77.8,Yes,No,Completed,6.3,56.9,63.0,44.0,61.0,65.0,Yes,Medium
STU1710,Arjun Singh,Male,19,Grade 12,Master's Degree,4.5,83.6,Yes,No,Not Completed,7.1,48.4,46.0,47.0,39.0,42.6,No,High
STU1711,Shreya Verma,Female,17,Grade 10,High School,11.7,79.6,Yes,No,Not Completed,6.5,35.0,29.0,27.0,37.0,31.2,No,High
STU1712,Tara Joshi,Male,19,Grade 11,Bachelor's Degree,3.4,92.2,Yes,Yes,Not Completed,6.3,35.5,36.0,38.0,34.0,42.3,No,High
STU1713,Aditya Nair,Female,16,Grade 10,High School,3.9,74.4,Yes,No,Completed,5.9,45.9,34.0,57.0,39.0,43.8,No,High
STU1714,Aryan Joshi,Male,15,Grade 11,High School,8.3,90.3,Yes,Yes,Completed,8.0,54.3,44.0,60.0,66.0,55.9,Yes,Medium
STU1715,Zara Das,Male,17,Grade 10,High School,5.4,94.6,Yes,Yes,Not Completed,7.8,38.4,33.0,48.0,35.0,34.8,No,High
STU1716,Varun Jain,Female,17,Grade 11,High School,8.0,82.0,Yes,No,Not Completed,6.8,35.0,34.0,54.0,36.0,43.7,No,High
STU1717,Aisha Kapoor,Male,15,Grade 11,Master's Degree,15.3,78.5,Yes,Yes,Not Completed,7.0,56.8,62.0,46.0,52.0,58.9,Yes,Medium
STU1718,Harsh Pillai,Male,16,Grade 11,Some College,7.3,91.2,Yes,Yes,Not Completed,7.4,53.5,57.0,44.0,59.0,56.4,Yes,Medium
STU1719,Akash Singh,Female,15,Grade 10,Some College,3.7,79.1,Yes,Yes,Completed,6.1,53.6,59.0,59.0,55.0,58.8,Yes,Medium
STU1720,Nikhil Bhatt,Female,19,Grade 10,High School,7.2,64.0,Yes,No,Not Completed,7.8,37.5,39.0,38.0,32.0,39.5,No,High
STU1721,Siddharth Bhatt,Male,19,Grade 10,Master's Degree,2.9,82.0,Yes,Yes,Completed,5.8,50.1,43.0,47.0,39.0,45.8,No,High
STU1722,Aman Mishra,Female,18,Grade 12,Associate Degree,9.7,98.2,Yes,No,Not Completed,7.1,54.7,51.0,60.0,52.0,64.0,Yes,Medium
STU1723,Rohan Verma,Female,18,Grade 10,Some College,11.3,93.9,Yes,Yes,Not Completed,6.4,47.2,53.0,46.0,55.0,51.5,Yes,High
STU1724,Ishaan Agarwal,Female,16,Grade 10,Bachelor's Degree,4.6,72.2,Yes,Yes,Not Completed,6.8,40.4,29.0,46.0,39.0,41.9,No,High
STU1725,Tara Joshi,Male,16,Grade 12,Associate Degree,6.3,86.8,Yes,Yes,Not Completed,7.3,45.3,42.0,53.0,41.0,50.2,Yes,High
STU1726,Diya Tiwari,Male,15,Grade 10,High School,4.9,89.8,Yes,Yes,Not Completed,7.3,35.0,25.0,40.0,28.0,36.8,No,High
STU1727,Siddharth Sheikh,Male,17,Grade 12,High School,3.8,84.5,Yes,Yes,Not Completed,6.5,35.0,27.0,25.0,39.0,34.7,No,High
STU1728,Lavanya Sharma,Male,15,Grade 11,High School,4.8,74.9,No,No,Completed,6.5,35.5,40.0,29.0,32.0,36.0,No,High
STU1729,Diya Verma,Female,15,Grade 12,Associate Degree,9.5,78.2,Yes,Yes,Not Completed,7.2,49.5,50.0,46.0,55.0,43.7,No,High
STU1730,Arjun Saxena,Male,18,Grade 11,Bachelor's Degree,10.7,82.3,Yes,Yes,Not Completed,5.7,50.2,40.0,54.0,56.0,54.4,Yes,High
STU1731,Siddharth Ghosh,Male,15,Grade 10,Bachelor's Degree,24.9,77.3,Yes,Yes,Completed,7.3,72.8,77.0,69.0,65.0,71.0,Yes,Medium
STU1732,Simran Sheikh,Female,19,Grade 12,Bachelor's Degree,8.0,70.1,Yes,Yes,Not Completed,6.8,49.6,46.0,46.0,43.0,42.4,No,High
STU1733,Zara Gupta,Male,17,Grade 12,Associate Degree,11.7,73.6,Yes,Yes,Not Completed,7.9,54.3,52.0,48.0,57.0,52.5,Yes,High
STU1734,Kavya Singh,Male,17,Grade 11,Some College,5.5,68.1,Yes,Yes,Not Completed,8.2,35.0,25.0,31.0,28.0,27.7,No,High
STU1735,Priya Rao,Male,17,Grade 11,Bachelor's Degree,3.3,96.9,No,Yes,Not Completed,8.5,58.3,59.0,42.0,53.0,56.7,Yes,Medium
STU1736,Shreya Nair,Female,16,Grade 11,Bachelor's Degree,3.6,88.2,Yes,Yes,Not Completed,7.0,37.9,33.0,41.0,36.0,39.6,No,High
STU1737,Harsh Deshmukh,Male,18,Grade 12,High School,8.2,76.6,Yes,No,Not Completed,7.7,36.4,32.0,25.0,28.0,27.4,No,High
STU1738,Sneha Banerjee,Male,16,Grade 11,Associate Degree,7.4,77.8,Yes,Yes,Not Completed,5.9,43.1,46.0,42.0,35.0,41.8,No,High
STU1739,Shreya Khan,Female,19,Grade 10,Some College,9.3,87.6,Yes,Yes,Not Completed,6.4,48.3,45.0,46.0,49.0,45.2,No,High
STU1740,Vikram Mishra,Male,16,Grade 12,Associate Degree,10.1,83.8,Yes,Yes,Not Completed,9.2,59.4,62.0,60.0,70.0,61.8,Yes,Medium
STU1741,Akash Patel,Female,16,Grade 10,High School,19.8,78.4,Yes,Yes,Completed,6.2,68.0,76.0,72.0,72.0,72.1,Yes,Medium
STU1742,Ananya Iyer,Female,18,Grade 10,Some College,10.7,68.1,Yes,No,Not Completed,7.0,50.5,44.0,53.0,50.0,49.4,No,High
STU1743,Aisha Banerjee,Male,17,Grade 11,Some College,7.7,84.5,No,Yes,Completed,5.8,55.3,59.0,29.0,53.0,50.0,Yes,High
STU1744,Kartik Sheikh,Female,15,Grade 10,High School,4.4,62.1,Yes,Yes,Completed,8.6,40.7,35.0,38.0,49.0,39.9,No,High
STU1745,Aisha Ghosh,Male,16,Grade 11,High School,5.8,82.1,Yes,Yes,Not Completed,6.9,37.5,38.0,34.0,40.0,41.0,No,High
STU1746,Kritika Pandey,Male,16,Grade 11,Associate Degree,5.5,78.4,Yes,Yes,Completed,7.4,43.1,48.0,38.0,40.0,39.1,No,High
STU1747,Sneha Saxena,Female,18,Grade 10,High School,5.2,90.7,Yes,Yes,Not Completed,7.0,45.4,48.0,46.0,45.0,48.5,No,High
STU1748,Ishaan Agarwal,Female,16,Grade 12,Associate Degree,11.2,87.5,Yes,No,Not Completed,6.1,48.0,55.0,51.0,47.0,55.2,Yes,Medium
STU1749,Nisha Dhawan,Male,19,Grade 10,Master's Degree,16.1,91.0,Yes,Yes,Completed,5.9,75.2,63.0,67.0,67.0,74.9,Yes,Medium
STU1750,Aarav Das,Female,16,Grade 12,High School,7.2,97.5,Yes,Yes,Not Completed,5.9,45.1,54.0,34.0,53.0,49.1,No,High
STU1751,Aarav Choudhary,Male,19,Grade 11,High School,2.3,78.0,Yes,Yes,Completed,6.2,43.5,42.0,40.0,39.0,43.0,No,High
STU1752,Simran Menon,Male,17,Grade 11,Some College,13.6,89.3,Yes,No,Completed,6.2,75.5,67.0,80.0,78.0,75.4,Yes,Low
STU1753,Rahul Agarwal,Male,17,Grade 12,Some College,8.0,77.8,Yes,Yes,Completed,7.7,52.8,54.0,59.0,55.0,54.6,Yes,High
STU1754,Bhavna Sheikh,Female,15,Grade 12,Master's Degree,12.1,67.9,Yes,Yes,Not Completed,8.2,54.6,35.0,55.0,50.0,48.8,No,High
STU1755,Aisha Saxena,Male,15,Grade 11,Bachelor's Degree,9.0,63.9,No,Yes,Completed,7.7,49.8,39.0,36.0,55.0,43.5,No,High
STU1756,Vikram Rao,Male,17,Grade 11,High School,8.9,59.7,Yes,Yes,Completed,7.2,42.8,40.0,36.0,47.0,41.6,No,High
STU1757,Rahul Mishra,Female,16,Grade 12,Master's Degree,6.1,94.5,No,Yes,Not Completed,6.1,41.7,40.0,51.0,42.0,48.0,No,High
STU1758,Kavya Singh,Male,17,Grade 12,High School,9.0,83.0,Yes,No,Completed,7.2,47.4,41.0,38.0,44.0,47.7,No,High
STU1759,Kabir Patel,Male,17,Grade 11,Master's Degree,2.0,78.9,Yes,No,Not Completed,6.2,44.1,60.0,41.0,44.0,47.6,No,High
STU1760,Manav Sheikh,Male,15,Grade 12,High School,12.5,87.1,Yes,Yes,Completed,8.4,55.5,51.0,57.0,62.0,59.1,Yes,Medium
STU1761,Akash Banerjee,Male,16,Grade 12,Some College,11.2,54.3,Yes,Yes,Completed,5.9,56.3,46.0,45.0,57.0,48.1,No,High
STU1762,Varun Das,Male,19,Grade 11,Bachelor's Degree,14.6,75.9,No,No,Completed,6.3,63.3,51.0,63.0,64.0,58.0,Yes,Medium
STU1763,Ishaan Kapoor,Male,15,Grade 11,High School,14.7,96.6,No,Yes,Completed,7.3,69.2,64.0,71.0,67.0,62.8,Yes,Medium
STU1764,Kabir Tiwari,Female,17,Grade 12,Master's Degree,2.2,64.6,No,No,Not Completed,5.9,35.0,28.0,41.0,28.0,35.8,No,High
STU1765,Sneha Choudhary,Male,16,Grade 12,Bachelor's Degree,3.6,93.7,No,Yes,Not Completed,5.5,53.4,42.0,61.0,44.0,55.2,Yes,Medium
STU1766,Pooja Bhatt,Male,17,Grade 11,High School,13.9,95.4,Yes,Yes,Completed,7.7,72.9,79.0,64.0,58.0,78.4,Yes,Low
STU1767,Kritika Saxena,Male,15,Grade 11,Associate Degree,16.0,83.6,Yes,Yes,Not Completed,5.9,63.6,63.0,64.0,58.0,62.4,Yes,Medium
STU1768,Ananya Reddy,Male,16,Grade 12,Some College,4.9,79.9,Yes,No,Not Completed,7.9,35.0,32.0,32.0,32.0,32.7,No,High
STU1769,Meera Jain,Male,18,Grade 10,Bachelor's Degree,12.0,85.8,Yes,No,Completed,9.0,68.6,72.0,58.0,81.0,70.8,Yes,Medium
STU1770,Diya Malhotra,Female,17,Grade 11,Bachelor's Degree,9.8,82.1,Yes,Yes,Completed,8.1,71.4,67.0,69.0,70.0,78.6,Yes,Low
STU1771,Akash Pillai,Female,17,Grade 12,Associate Degree,22.0,66.7,No,No,Completed,5.6,63.0,61.0,62.0,59.0,64.6,Yes,Medium
STU1772,Riya Joshi,Male,17,Grade 12,Bachelor's Degree,6.1,88.9,Yes,No,Completed,8.3,57.1,49.0,55.0,63.0,58.7,Yes,Medium
STU1773,Riya Deshmukh,Female,15,Grade 11,High School,11.9,97.4,Yes,Yes,Completed,6.9,52.2,52.0,60.0,52.0,60.2,Yes,Medium
STU1774,Simran Agarwal,Female,19,Grade 10,Associate Degree,5.6,86.8,Yes,Yes,Completed,7.5,58.4,60.0,57.0,55.0,55.6,Yes,Medium
STU1775,Shreya Joshi,Female,19,Grade 11,Associate Degree,10.3,94.0,Yes,Yes,Completed,6.4,54.1,46.0,66.0,56.0,61.1,Yes,Medium
STU1776,Tara Sheikh,Male,18,Grade 11,High School,8.2,83.6,Yes,Yes,Completed,8.0,46.4,37.0,46.0,48.0,37.6,No,High
STU1777,Aarav Gupta,Female,17,Grade 10,High School,6.0,78.2,Yes,Yes,Completed,6.8,41.4,46.0,43.0,39.0,41.8,No,High
STU1778,Karan Banerjee,Female,15,Grade 12,Master's Degree,9.9,74.4,Yes,No,Completed,7.0,49.9,52.0,50.0,46.0,52.2,Yes,High
STU1779,Kavya Choudhary,Male,17,Grade 10,Associate Degree,9.9,89.5,Yes,Yes,Completed,6.9,67.6,67.0,78.0,53.0,69.1,Yes,Medium
STU1780,Arjun Jain,Male,16,Grade 10,High School,14.9,81.0,Yes,No,Not Completed,6.3,52.0,59.0,46.0,45.0,52.6,Yes,High
STU1781,Rohan Mishra,Male,18,Grade 12,Master's Degree,15.4,91.6,Yes,No,Completed,5.7,77.8,72.0,97.0,73.0,79.5,Yes,Low
STU1782,Bhavna Rao,Male,16,Grade 11,Master's Degree,3.5,81.4,Yes,No,Not Completed,7.7,45.0,33.0,47.0,46.0,34.1,No,High
STU1783,Shreya Pandey,Female,16,Grade 11,Master's Degree,6.7,87.5,Yes,Yes,Not Completed,6.9,47.8,50.0,48.0,44.0,55.4,Yes,Medium
STU1784,Priya Choudhary,Female,16,Grade 10,Some College,5.7,91.0,Yes,Yes,Not Completed,6.7,50.2,49.0,53.0,47.0,50.7,Yes,High
STU1785,Priya Mehta,Female,17,Grade 12,Some College,7.8,52.0,No,Yes,Not Completed,6.6,35.0,25.0,41.0,31.0,38.3,No,High
STU1786,Rohan Jain,Male,19,Grade 12,Master's Degree,2.0,89.0,Yes,No,Completed,8.1,45.5,39.0,38.0,33.0,36.3,No,High
STU1787,Ananya Singh,Female,15,Grade 10,Associate Degree,15.4,87.1,Yes,Yes,Not Completed,6.4,70.4,70.0,68.0,63.0,66.9,Yes,Medium
STU1788,Meera Bhatt,Male,18,Grade 10,High School,15.0,79.3,No,Yes,Not Completed,5.6,38.4,37.0,40.0,35.0,38.1,No,High
STU1789,Neha Tiwari,Male,16,Grade 10,Some College,7.7,74.0,Yes,No,Not Completed,5.6,37.0,55.0,33.0,34.0,47.2,No,High
STU1790,Aarav Mishra,Male,15,Grade 12,Bachelor's Degree,5.0,55.4,Yes,No,Not Completed,8.1,37.5,31.0,27.0,36.0,38.5,No,High
STU1791,Bhavna Dhawan,Female,18,Grade 10,Bachelor's Degree,3.6,96.3,Yes,Yes,Not Completed,7.2,45.7,47.0,50.0,53.0,50.1,Yes,High
STU1792,Kartik Krishnan,Male,15,Grade 10,Some College,4.8,59.0,Yes,No,Completed,7.3,46.4,45.0,54.0,46.0,42.2,No,High
STU1793,Shreya Banerjee,Female,17,Grade 12,Some College,6.9,95.7,Yes,No,Completed,7.8,49.6,48.0,40.0,48.0,56.5,Yes,Medium
STU1794,Aditya Pandey,Male,17,Grade 10,Some College,11.6,72.7,Yes,Yes,Not Completed,6.5,46.0,40.0,47.0,41.0,46.0,No,High
STU1795,Rohan Ghosh,Female,18,Grade 11,Some College,13.9,91.3,Yes,Yes,Completed,7.6,63.3,58.0,67.0,62.0,75.6,Yes,Low
STU1796,Kavya Sharma,Female,15,Grade 10,Some College,10.0,88.1,Yes,Yes,Completed,6.4,50.9,43.0,51.0,41.0,44.7,No,High
STU1797,Akash Ghosh,Female,15,Grade 12,Master's Degree,9.1,82.7,Yes,No,Not Completed,9.2,58.7,54.0,66.0,59.0,56.2,Yes,Medium
STU1798,Vikram Nair,Male,16,Grade 11,Some College,7.1,74.4,Yes,Yes,Not Completed,8.6,39.1,54.0,41.0,43.0,48.6,No,High
STU1799,Aryan Tiwari,Male,15,Grade 10,High School,11.6,82.2,Yes,No,Completed,8.2,54.6,49.0,43.0,65.0,55.8,Yes,Medium
STU1800,Riya Gupta,Male,17,Grade 12,Associate Degree,12.3,72.0,Yes,Yes,Not Completed,6.0,45.4,54.0,40.0,44.0,44.6,No,High
STU1801,Karan Menon,Female,15,Grade 10,Some College,10.4,83.4,Yes,Yes,Not Completed,4.0,35.7,36.0,30.0,28.0,35.4,No,High
STU1802,Aarav Malhotra,Female,17,Grade 11,Associate Degree,3.9,63.0,Yes,No,Not Completed,8.6,35.0,30.0,27.0,30.0,26.2,No,High
STU1803,Harsh Dhawan,Female,17,Grade 11,High School,15.5,83.7,Yes,No,Not Completed,7.1,51.0,39.0,50.0,56.0,52.6,Yes,High
STU1804,Riya Krishnan,Male,18,Grade 11,Bachelor's Degree,18.2,72.8,Yes,No,Not Completed,6.8,52.8,48.0,42.0,59.0,47.2,No,High
STU1805,Simran Jain,Male,18,Grade 12,Bachelor's Degree,6.7,78.4,Yes,No,Not Completed,5.5,48.4,50.0,41.0,46.0,47.8,No,High
STU1806,Ishaan Krishnan,Female,15,Grade 10,High School,5.0,78.5,Yes,No,Not Completed,7.5,35.0,35.0,25.0,37.0,41.2,No,High
STU1807,Arjun Bhatt,Male,19,Grade 12,Some College,9.2,57.1,No,Yes,Not Completed,7.1,35.0,33.0,26.0,33.0,28.0,No,High
STU1808,Harsh Kapoor,Male,17,Grade 12,Associate Degree,7.1,81.5,Yes,Yes,Not Completed,5.4,45.6,41.0,38.0,43.0,40.6,No,High
STU1809,Priya Malhotra,Male,18,Grade 10,Some College,11.0,54.2,No,No,Not Completed,5.1,35.1,25.0,37.0,36.0,32.2,No,High
STU1810,Manav Srivastava,Female,15,Grade 11,Bachelor's Degree,4.7,93.1,Yes,Yes,Not Completed,7.0,53.6,44.0,46.0,57.0,56.2,Yes,Medium
STU1811,Karan Sharma,Female,17,Grade 12,Some College,5.4,73.0,Yes,Yes,Not Completed,7.8,46.0,36.0,50.0,54.0,46.9,No,High
STU1812,Bhavna Nair,Male,16,Grade 11,Associate Degree,5.1,61.3,Yes,No,Completed,6.9,37.9,42.0,35.0,38.0,38.2,No,High
STU1813,Nikhil Jain,Female,19,Grade 12,Associate Degree,11.4,96.2,No,No,Not Completed,6.4,38.4,35.0,44.0,35.0,42.0,No,High
STU1814,Ananya Sharma,Female,19,Grade 11,High School,15.6,98.3,No,No,Completed,6.2,60.7,65.0,55.0,61.0,57.8,Yes,Medium
STU1815,Shreya Mehta,Female,18,Grade 11,Some College,11.7,82.9,Yes,Yes,Not Completed,6.6,50.0,48.0,54.0,47.0,50.0,Yes,High
STU1816,Kavya Rao,Male,15,Grade 12,High School,17.5,80.2,Yes,Yes,Not Completed,6.5,46.0,39.0,40.0,57.0,52.5,Yes,High
STU1817,Dev Jain,Male,16,Grade 10,Some College,2.6,84.2,Yes,Yes,Not Completed,6.9,35.0,26.0,36.0,38.0,39.5,No,High
STU1818,Lavanya Srivastava,Male,15,Grade 11,Master's Degree,10.4,71.9,Yes,No,Completed,9.1,64.7,52.0,71.0,62.0,55.7,Yes,Medium
STU1819,Harsh Deshmukh,Female,18,Grade 12,Master's Degree,4.7,87.9,No,No,Not Completed,8.1,51.1,54.0,53.0,61.0,57.3,Yes,Medium
STU1820,Priya Nair,Male,18,Grade 10,High School,3.0,99.3,Yes,Yes,Completed,8.6,52.5,41.0,47.0,53.0,50.8,Yes,High
STU1821,Neha Sharma,Female,19,Grade 12,Some College,6.0,58.5,Yes,Yes,Completed,7.1,51.4,52.0,31.0,51.0,39.1,No,High
STU1822,Pooja Agarwal,Male,17,Grade 11,Master's Degree,7.1,64.6,Yes,Yes,Not Completed,6.5,35.0,39.0,34.0,28.0,41.2,No,High
STU1823,Ananya Choudhary,Male,17,Grade 12,Bachelor's Degree,6.1,86.1,Yes,No,Completed,6.4,48.2,43.0,40.0,49.0,41.5,No,High
STU1824,Ritu Das,Male,18,Grade 10,Master's Degree,4.4,95.5,No,Yes,Not Completed,9.2,51.8,46.0,56.0,46.0,46.4,No,High
STU1825,Arjun Choudhary,Female,17,Grade 11,Bachelor's Degree,8.3,89.5,Yes,Yes,Not Completed,5.5,58.5,59.0,49.0,55.0,55.9,Yes,Medium
STU1826,Aryan Khan,Female,15,Grade 10,High School,2.7,90.6,No,No,Not Completed,6.9,39.8,50.0,40.0,42.0,48.6,No,High
STU1827,Shreya Malhotra,Male,15,Grade 11,Bachelor's Degree,10.4,84.1,Yes,Yes,Not Completed,7.2,44.1,41.0,54.0,35.0,46.7,No,High
STU1828,Ritu Banerjee,Female,15,Grade 11,Master's Degree,5.1,69.8,Yes,Yes,Completed,7.5,61.4,63.0,65.0,61.0,56.4,Yes,Medium
STU1829,Nisha Pillai,Female,17,Grade 10,Associate Degree,5.2,79.2,Yes,Yes,Not Completed,9.1,44.2,39.0,32.0,38.0,37.7,No,High
STU1830,Manav Gupta,Female,18,Grade 11,Associate Degree,14.1,91.5,Yes,Yes,Not Completed,5.2,52.4,49.0,59.0,53.0,50.7,Yes,High
STU1831,Kritika Malhotra,Male,15,Grade 12,Associate Degree,5.6,72.3,No,Yes,Completed,7.6,37.9,41.0,35.0,28.0,35.5,No,High
STU1832,Ananya Menon,Male,19,Grade 10,Bachelor's Degree,12.3,84.1,Yes,No,Completed,6.6,66.3,63.0,65.0,58.0,66.7,Yes,Medium
STU1833,Kritika Kapoor,Female,15,Grade 11,Some College,13.8,61.2,Yes,Yes,Not Completed,5.8,36.2,27.0,28.0,39.0,33.8,No,High
STU1834,Suresh Deshmukh,Male,18,Grade 12,Associate Degree,8.7,96.3,Yes,Yes,Completed,6.9,61.6,76.0,62.0,47.0,62.5,Yes,Medium
STU1835,Kavya Dhawan,Male,17,Grade 11,Some College,5.5,89.4,No,Yes,Not Completed,7.0,35.0,35.0,31.0,40.0,42.1,No,High
STU1836,Harsh Malhotra,Female,18,Grade 12,Associate Degree,5.8,81.2,Yes,No,Completed,6.1,52.5,52.0,63.0,43.0,56.3,Yes,Medium
STU1837,Kartik Mishra,Male,19,Grade 12,Associate Degree,13.0,88.4,Yes,Yes,Not Completed,6.3,45.3,33.0,41.0,51.0,39.6,No,High
STU1838,Nisha Banerjee,Female,19,Grade 12,Master's Degree,16.1,77.9,Yes,Yes,Not Completed,7.3,63.8,55.0,61.0,60.0,56.6,Yes,Medium
STU1839,Aryan Pandey,Female,16,Grade 12,Some College,8.5,85.2,Yes,No,Not Completed,9.0,45.0,40.0,42.0,46.0,46.8,No,High
STU1840,Varun Deshmukh,Female,17,Grade 12,Associate Degree,21.4,82.1,Yes,No,Completed,4.9,70.9,75.0,65.0,59.0,67.7,Yes,Medium
STU1841,Aman Bhatt,Male,18,Grade 10,Bachelor's Degree,5.2,87.9,No,Yes,Not Completed,6.5,41.7,37.0,32.0,54.0,47.5,No,High
STU1842,Bhavna Nair,Female,18,Grade 10,Bachelor's Degree,10.9,80.0,Yes,Yes,Not Completed,8.2,62.2,66.0,69.0,58.0,62.2,Yes,Medium
STU1843,Ananya Singh,Female,17,Grade 10,High School,10.2,84.4,Yes,Yes,Not Completed,7.5,52.6,58.0,65.0,61.0,58.2,Yes,Medium
STU1844,Aryan Tiwari,Female,15,Grade 12,Some College,12.8,97.6,Yes,No,Not Completed,5.1,61.9,48.0,59.0,54.0,57.5,Yes,Medium
STU1845,Aryan Agarwal,Female,17,Grade 11,Associate Degree,7.8,86.8,Yes,Yes,Not Completed,6.7,52.2,53.0,54.0,48.0,52.4,Yes,High
STU1846,Arjun Choudhary,Male,16,Grade 12,High School,11.8,85.4,Yes,Yes,Completed,5.4,55.9,46.0,65.0,48.0,55.2,Yes,Medium
STU1847,Aryan Singh,Male,18,Grade 11,High School,15.4,88.6,Yes,No,Not Completed,7.8,43.4,39.0,46.0,46.0,48.7,No,High
STU1848,Karan Singh,Female,17,Grade 10,Master's Degree,6.6,75.4,Yes,Yes,Not Completed,9.2,53.5,61.0,39.0,51.0,50.9,Yes,High
STU1849,Ritu Srivastava,Female,17,Grade 12,High School,4.4,91.1,Yes,Yes,Not Completed,8.5,36.5,30.0,34.0,46.0,38.8,No,High
STU1850,Varun Banerjee,Female,17,Grade 11,Some College,11.4,75.9,Yes,No,Completed,4.4,43.3,31.0,45.0,43.0,39.8,No,High
STU1851,Riya Reddy,Female,16,Grade 12,Bachelor's Degree,21.0,87.7,Yes,No,Not Completed,5.7,72.6,67.0,66.0,65.0,66.9,Yes,Medium
STU1852,Kartik Krishnan,Male,15,Grade 11,High School,10.2,84.4,Yes,No,Not Completed,5.5,49.7,49.0,46.0,48.0,45.2,No,High
STU1853,Simran Tiwari,Female,16,Grade 12,Some College,12.2,77.2,No,No,Not Completed,7.6,41.0,36.0,36.0,45.0,39.6,No,High
STU1854,Rahul Sharma,Male,18,Grade 12,High School,7.8,97.3,Yes,No,Not Completed,5.2,44.9,41.0,45.0,40.0,42.2,No,High
STU1855,Diya Gupta,Female,17,Grade 12,Associate Degree,16.2,79.4,Yes,Yes,Not Completed,6.7,55.4,46.0,61.0,47.0,52.0,Yes,High
STU1856,Ananya Mishra,Male,19,Grade 12,Bachelor's Degree,12.6,80.9,Yes,Yes,Completed,8.0,72.5,73.0,67.0,72.0,65.0,Yes,Medium
STU1857,Nikhil Reddy,Male,19,Grade 10,Associate Degree,7.0,77.6,Yes,Yes,Not Completed,5.3,47.9,40.0,47.0,44.0,48.7,No,High
STU1858,Riya Reddy,Female,18,Grade 12,Some College,8.3,97.3,Yes,Yes,Not Completed,7.0,51.5,34.0,58.0,49.0,43.0,No,High
STU1859,Varun Sheikh,Female,17,Grade 10,Some College,11.1,86.7,Yes,Yes,Completed,6.3,53.6,49.0,53.0,50.0,57.1,Yes,Medium
STU1860,Nisha Rao,Male,17,Grade 11,Some College,14.9,86.3,Yes,No,Completed,7.0,60.2,56.0,64.0,56.0,59.4,Yes,Medium
STU1861,Nisha Das,Female,15,Grade 12,High School,6.4,87.3,Yes,Yes,Completed,7.4,40.3,44.0,31.0,48.0,43.5,No,High
STU1862,Nikhil Srivastava,Female,19,Grade 12,Master's Degree,6.5,69.1,Yes,Yes,Not Completed,7.8,48.1,55.0,53.0,39.0,53.2,Yes,High
STU1863,Kavya Gupta,Male,18,Grade 10,Some College,2.0,81.5,Yes,No,Not Completed,8.4,36.7,32.0,33.0,40.0,39.1,No,High
STU1864,Siddharth Tiwari,Male,15,Grade 12,Bachelor's Degree,9.8,93.4,Yes,No,Not Completed,8.8,59.3,59.0,59.0,54.0,59.2,Yes,Medium
STU1865,Aisha Srivastava,Male,15,Grade 11,Master's Degree,7.3,78.8,Yes,No,Completed,6.9,60.1,57.0,58.0,61.0,56.3,Yes,Medium
STU1866,Aditya Deshmukh,Female,15,Grade 10,Some College,9.5,89.1,No,Yes,Completed,6.7,59.4,59.0,69.0,64.0,62.7,Yes,Medium
STU1867,Varun Sharma,Female,16,Grade 12,Associate Degree,4.6,84.9,No,Yes,Not Completed,8.0,44.8,48.0,59.0,46.0,55.3,Yes,Medium
STU1868,Nisha Menon,Female,16,Grade 12,Bachelor's Degree,10.2,84.0,Yes,Yes,Not Completed,7.6,43.4,40.0,43.0,40.0,42.9,No,High
STU1869,Tara Reddy,Female,15,Grade 11,Bachelor's Degree,8.4,74.1,Yes,No,Completed,8.3,65.4,68.0,70.0,61.0,66.0,Yes,Medium
STU1870,Tanvi Gupta,Female,15,Grade 10,Some College,9.9,73.1,Yes,No,Completed,8.6,51.2,39.0,46.0,48.0,47.3,No,High
STU1871,Riya Tiwari,Female,19,Grade 10,Some College,11.1,77.5,No,Yes,Not Completed,4.4,52.6,47.0,33.0,45.0,45.8,No,High
STU1872,Rahul Bhatt,Male,18,Grade 12,High School,8.6,82.4,Yes,No,Not Completed,7.9,41.3,40.0,43.0,29.0,43.0,No,High
STU1873,Zara Menon,Male,15,Grade 11,Associate Degree,2.3,76.4,Yes,Yes,Not Completed,5.5,38.0,45.0,37.0,38.0,40.7,No,High
STU1874,Meera Sharma,Female,19,Grade 10,Associate Degree,8.6,96.8,Yes,No,Not Completed,5.1,50.8,51.0,44.0,52.0,50.7,Yes,High
STU1875,Vikram Pandey,Female,17,Grade 12,Associate Degree,12.1,73.4,Yes,No,Not Completed,7.4,44.8,48.0,51.0,36.0,47.7,No,High
STU1876,Pooja Joshi,Male,18,Grade 11,High School,7.6,80.7,Yes,No,Not Completed,6.6,47.0,46.0,31.0,39.0,45.5,No,High
STU1877,Zara Patel,Male,16,Grade 12,Bachelor's Degree,4.4,82.8,Yes,Yes,Not Completed,8.9,35.0,25.0,42.0,40.0,37.5,No,High
STU1878,Dev Malhotra,Male,19,Grade 11,Some College,6.4,56.3,Yes,Yes,Not Completed,7.1,37.2,27.0,45.0,44.0,35.6,No,High
STU1879,Diya Mishra,Male,15,Grade 12,Master's Degree,14.8,95.0,Yes,No,Not Completed,7.1,57.1,53.0,53.0,55.0,57.9,Yes,Medium
STU1880,Neha Verma,Female,15,Grade 10,Bachelor's Degree,5.8,84.9,Yes,Yes,Not Completed,5.3,41.5,48.0,53.0,35.0,46.4,No,High
STU1881,Akash Sheikh,Female,17,Grade 10,Some College,19.0,84.3,Yes,No,Completed,6.3,72.5,70.0,72.0,71.0,67.8,Yes,Medium
STU1882,Nikhil Agarwal,Male,19,Grade 10,High School,5.5,81.0,No,Yes,Completed,4.6,47.9,51.0,52.0,48.0,43.4,No,High
STU1883,Ishaan Kapoor,Female,19,Grade 11,Some College,8.1,80.2,Yes,Yes,Completed,7.6,49.8,54.0,53.0,45.0,52.1,Yes,High
STU1884,Aditya Krishnan,Female,19,Grade 10,Some College,7.8,95.0,Yes,Yes,Not Completed,6.9,41.8,44.0,41.0,41.0,42.7,No,High
STU1885,Neha Pillai,Female,17,Grade 12,Associate Degree,13.8,93.2,Yes,Yes,Not Completed,8.4,56.3,45.0,35.0,47.0,45.9,No,High
STU1886,Vikram Tiwari,Female,16,Grade 12,Bachelor's Degree,10.8,87.8,Yes,Yes,Not Completed,8.2,47.2,52.0,51.0,33.0,54.1,Yes,High
STU1887,Kritika Ghosh,Male,17,Grade 10,Master's Degree,16.5,92.6,Yes,No,Completed,6.1,67.0,78.0,54.0,69.0,71.7,Yes,Medium
STU1888,Kavya Nair,Male,19,Grade 10,Some College,11.0,77.5,Yes,Yes,Completed,7.5,49.7,49.0,50.0,47.0,53.4,Yes,High
STU1889,Aditya Deshmukh,Male,18,Grade 11,Bachelor's Degree,4.8,88.8,Yes,Yes,Not Completed,7.4,51.5,44.0,45.0,42.0,39.7,No,High
STU1890,Ritu Mishra,Female,19,Grade 12,Some College,10.5,95.8,Yes,Yes,Not Completed,8.7,45.2,43.0,48.0,34.0,41.9,No,High
STU1891,Aisha Deshmukh,Male,16,Grade 10,High School,2.1,81.8,Yes,Yes,Completed,7.7,50.5,36.0,41.0,45.0,50.9,Yes,High
STU1892,Karan Iyer,Female,18,Grade 11,Some College,4.3,45.0,Yes,Yes,Not Completed,7.2,35.0,48.0,40.0,45.0,41.1,No,High
STU1893,Aisha Malhotra,Male,18,Grade 11,High School,3.1,74.6,Yes,No,Completed,8.6,51.3,47.0,64.0,53.0,55.9,Yes,Medium
STU1894,Harsh Pandey,Male,18,Grade 12,High School,8.0,80.3,Yes,No,Not Completed,7.5,48.6,47.0,59.0,61.0,57.9,Yes,Medium
STU1895,Arjun Kapoor,Female,17,Grade 10,Master's Degree,4.1,80.9,Yes,No,Completed,7.3,66.8,64.0,79.0,67.0,67.5,Yes,Medium
STU1896,Varun Banerjee,Male,15,Grade 12,Bachelor's Degree,14.2,92.3,Yes,No,Completed,7.5,62.0,68.0,65.0,69.0,65.2,Yes,Medium
STU1897,Vikram Patel,Female,19,Grade 12,Associate Degree,13.9,59.7,Yes,Yes,Completed,6.4,48.6,55.0,49.0,52.0,51.1,Yes,High
STU1898,Zara Agarwal,Female,19,Grade 11,Some College,6.6,95.1,Yes,Yes,Not Completed,6.5,55.5,53.0,52.0,50.0,56.2,Yes,Medium
STU1899,Varun Das,Female,17,Grade 11,Some College,13.6,78.0,Yes,Yes,Completed,7.5,61.8,58.0,60.0,66.0,60.6,Yes,Medium
STU1900,Dev Saxena,Female,18,Grade 12,High School,8.0,72.8,Yes,Yes,Not Completed,7.3,42.3,47.0,29.0,44.0,47.6,No,High
STU1901,Kartik Joshi,Male,17,Grade 12,Some College,2.8,85.5,No,Yes,Completed,7.7,47.7,33.0,42.0,64.0,43.1,No,High
STU1902,Aarav Iyer,Female,19,Grade 10,Bachelor's Degree,14.2,72.8,Yes,Yes,Not Completed,8.7,57.1,55.0,58.0,65.0,58.2,Yes,Medium
STU1903,Harsh Mehta,Female,19,Grade 12,Some College,12.4,90.7,Yes,Yes,Completed,6.2,69.2,70.0,73.0,70.0,71.8,Yes,Medium
STU1904,Diya Das,Male,15,Grade 10,Associate Degree,16.4,95.4,Yes,Yes,Not Completed,8.4,79.4,76.0,78.0,76.0,77.2,Yes,Low
STU1905,Shreya Choudhary,Female,17,Grade 11,Associate Degree,5.7,85.8,Yes,Yes,Not Completed,5.5,52.1,73.0,51.0,42.0,55.9,Yes,Medium
STU1906,Dev Gupta,Female,19,Grade 11,Associate Degree,11.0,65.9,Yes,No,Not Completed,8.7,38.0,35.0,43.0,31.0,31.9,No,High
STU1907,Siddharth Das,Male,15,Grade 10,Some College,7.9,58.9,No,Yes,Completed,5.3,35.1,30.0,33.0,32.0,40.5,No,High
STU1908,Karan Nair,Male,17,Grade 12,Bachelor's Degree,9.7,85.9,Yes,No,Not Completed,8.3,42.3,40.0,36.0,38.0,43.4,No,High
STU1909,Varun Kapoor,Male,18,Grade 11,Associate Degree,6.6,85.7,Yes,Yes,Completed,7.1,62.0,61.0,56.0,62.0,67.3,Yes,Medium
STU1910,Kritika Reddy,Male,18,Grade 10,High School,12.7,76.9,Yes,No,Completed,7.9,52.6,50.0,51.0,48.0,44.0,No,High
STU1911,Bhavna Sheikh,Male,17,Grade 11,Some College,5.9,79.6,Yes,No,Not Completed,8.0,55.4,55.0,53.0,48.0,50.5,Yes,High
STU1912,Aman Sharma,Female,18,Grade 10,Associate Degree,4.8,67.6,No,Yes,Completed,7.6,35.0,32.0,34.0,37.0,39.5,No,High
STU1913,Dev Reddy,Male,16,Grade 10,Associate Degree,7.1,87.8,Yes,No,Not Completed,6.5,44.9,41.0,44.0,45.0,45.8,No,High
STU1914,Riya Mehta,Male,19,Grade 12,Some College,5.6,69.2,Yes,No,Completed,6.8,44.9,46.0,52.0,38.0,44.8,No,High
STU1915,Meera Choudhary,Male,17,Grade 12,High School,7.2,73.2,Yes,Yes,Not Completed,8.2,37.1,34.0,34.0,32.0,36.8,No,High
STU1916,Meera Das,Male,18,Grade 10,Master's Degree,8.2,85.4,Yes,No,Not Completed,8.1,56.7,56.0,69.0,59.0,58.5,Yes,Medium
STU1917,Kritika Mehta,Male,15,Grade 10,Some College,12.8,72.2,No,Yes,Not Completed,5.9,39.6,46.0,31.0,32.0,39.0,No,High
STU1918,Rohan Malhotra,Female,16,Grade 12,Associate Degree,5.0,86.2,Yes,Yes,Not Completed,7.8,47.1,51.0,45.0,44.0,53.6,Yes,High
STU1919,Kartik Gupta,Female,15,Grade 10,Some College,8.7,92.0,No,Yes,Completed,7.3,59.3,63.0,51.0,51.0,55.8,Yes,Medium
STU1920,Rahul Kapoor,Male,19,Grade 12,Bachelor's Degree,7.8,79.4,Yes,Yes,Completed,6.9,63.9,63.0,80.0,52.0,65.9,Yes,Medium
STU1921,Priya Saxena,Female,16,Grade 11,Bachelor's Degree,8.6,90.4,Yes,Yes,Completed,7.1,56.3,54.0,60.0,54.0,56.1,Yes,Medium
STU1922,Suresh Das,Male,16,Grade 10,High School,8.9,67.7,Yes,No,Completed,9.3,52.4,55.0,38.0,47.0,46.2,No,High
STU1923,Manav Verma,Female,19,Grade 12,Some College,9.6,65.7,Yes,Yes,Not Completed,7.4,42.6,36.0,36.0,45.0,39.0,No,High
STU1924,Kartik Tiwari,Female,17,Grade 11,Bachelor's Degree,7.6,52.5,Yes,No,Not Completed,7.6,43.3,34.0,55.0,43.0,46.3,No,High
STU1925,Suresh Reddy,Female,18,Grade 11,Some College,6.9,77.5,Yes,Yes,Not Completed,5.3,39.3,31.0,47.0,35.0,37.0,No,High
STU1926,Kabir Nair,Female,16,Grade 12,Associate Degree,11.5,84.5,Yes,No,Not Completed,8.1,54.7,60.0,59.0,49.0,52.5,Yes,High
STU1927,Kartik Bhatt,Female,19,Grade 10,High School,9.8,62.9,Yes,Yes,Not Completed,8.3,48.4,46.0,47.0,43.0,39.5,No,High
STU1928,Riya Das,Female,19,Grade 12,High School,2.4,77.2,Yes,Yes,Completed,7.2,45.5,37.0,40.0,31.0,37.7,No,High
STU1929,Meera Joshi,Male,16,Grade 12,High School,4.0,84.3,Yes,Yes,Completed,8.9,63.7,72.0,60.0,64.0,68.7,Yes,Medium
STU1930,Varun Sharma,Male,19,Grade 11,High School,5.2,95.9,Yes,No,Not Completed,8.4,52.0,52.0,44.0,50.0,58.8,Yes,Medium
STU1931,Aisha Gupta,Male,16,Grade 11,Bachelor's Degree,15.6,72.8,Yes,No,Completed,4.9,65.9,63.0,53.0,67.0,62.6,Yes,Medium
STU1932,Siddharth Pandey,Female,18,Grade 10,Master's Degree,9.6,52.5,No,No,Not Completed,7.4,36.3,44.0,31.0,43.0,41.4,No,High
STU1933,Rahul Das,Female,15,Grade 11,Some College,2.3,87.4,Yes,Yes,Not Completed,6.4,41.9,36.0,32.0,33.0,31.0,No,High
STU1934,Suresh Bhatt,Male,16,Grade 10,Bachelor's Degree,8.0,59.9,Yes,Yes,Not Completed,8.9,54.4,60.0,54.0,53.0,61.0,Yes,Medium
STU1935,Aarav Krishnan,Female,18,Grade 12,Some College,10.8,89.3,Yes,Yes,Not Completed,10.0,63.2,60.0,74.0,66.0,67.8,Yes,Medium
STU1936,Nisha Deshmukh,Male,17,Grade 10,Some College,6.4,96.4,Yes,No,Not Completed,7.4,53.4,58.0,47.0,56.0,64.0,Yes,Medium
STU1937,Diya Menon,Male,17,Grade 12,Some College,5.2,72.7,Yes,Yes,Completed,5.3,41.8,44.0,36.0,46.0,51.4,Yes,High
STU1938,Tara Khan,Male,18,Grade 10,High School,3.8,76.5,Yes,No,Completed,6.4,49.0,52.0,48.0,38.0,53.1,Yes,High
STU1939,Manav Das,Female,17,Grade 12,Associate Degree,5.3,67.6,No,No,Not Completed,7.0,36.0,27.0,38.0,39.0,38.9,No,High
STU1940,Neha Das,Male,17,Grade 12,Associate Degree,7.5,80.1,Yes,Yes,Not Completed,5.6,35.0,38.0,49.0,37.0,42.8,No,High
STU1941,Nikhil Sheikh,Female,15,Grade 12,High School,7.7,78.6,Yes,No,Not Completed,7.1,45.2,47.0,46.0,41.0,44.6,No,High
STU1942,Dev Srivastava,Female,15,Grade 10,High School,8.1,87.0,Yes,No,Not Completed,7.1,43.2,37.0,39.0,38.0,38.6,No,High
STU1943,Kartik Sheikh,Male,19,Grade 12,Some College,8.7,81.0,Yes,Yes,Not Completed,5.2,38.5,36.0,37.0,39.0,42.6,No,High
STU1944,Ananya Mehta,Male,15,Grade 10,High School,12.7,87.3,Yes,No,Not Completed,7.8,50.5,36.0,66.0,46.0,53.9,Yes,High
STU1945,Diya Das,Male,15,Grade 10,High School,7.8,80.0,Yes,No,Completed,6.2,48.4,60.0,51.0,51.0,55.7,Yes,Medium
STU1946,Rahul Choudhary,Male,15,Grade 12,Some College,21.0,85.7,No,No,Not Completed,5.5,50.4,59.0,55.0,48.0,55.4,Yes,Medium
STU1947,Rohan Jain,Male,19,Grade 12,Associate Degree,10.3,82.7,Yes,Yes,Not Completed,4.5,57.4,53.0,50.0,57.0,55.2,Yes,Medium
STU1948,Bhavna Saxena,Female,16,Grade 12,Some College,4.3,62.6,Yes,No,Not Completed,8.7,37.9,38.0,41.0,40.0,36.9,No,High
STU1949,Shreya Srivastava,Female,16,Grade 12,Some College,8.8,85.4,Yes,No,Completed,7.9,47.3,31.0,52.0,37.0,45.8,No,High
STU1950,Bhavna Saxena,Female,15,Grade 12,Bachelor's Degree,5.6,80.7,Yes,Yes,Not Completed,6.9,46.6,37.0,45.0,43.0,43.5,No,High
STU1951,Kartik Choudhary,Female,15,Grade 11,Some College,4.9,86.2,Yes,Yes,Not Completed,7.7,43.1,45.0,43.0,41.0,46.9,No,High
STU1952,Kavya Sharma,Female,15,Grade 11,Some College,11.9,90.0,Yes,Yes,Not Completed,8.9,60.2,57.0,60.0,47.0,53.9,Yes,High
STU1953,Zara Pandey,Male,18,Grade 12,Master's Degree,6.7,87.3,Yes,Yes,Not Completed,6.5,55.3,50.0,55.0,53.0,57.7,Yes,Medium
STU1954,Aditya Sharma,Female,15,Grade 12,Some College,4.7,51.2,Yes,No,Completed,7.6,48.7,59.0,43.0,48.0,43.9,No,High
STU1955,Aryan Pandey,Male,17,Grade 10,Associate Degree,12.2,73.3,Yes,No,Not Completed,6.2,54.9,56.0,51.0,49.0,52.3,Yes,High
STU1956,Suresh Banerjee,Male,18,Grade 12,Associate Degree,9.1,84.0,Yes,Yes,Not Completed,7.3,51.9,45.0,51.0,56.0,48.0,No,High
STU1957,Aarav Tiwari,Female,18,Grade 12,Some College,3.4,95.6,Yes,No,Not Completed,7.1,37.2,32.0,53.0,28.0,43.2,No,High
STU1958,Arjun Reddy,Male,17,Grade 10,Some College,4.8,96.5,Yes,No,Not Completed,5.8,43.5,40.0,40.0,36.0,39.2,No,High
STU1959,Kartik Tiwari,Male,18,Grade 11,Associate Degree,13.4,88.8,Yes,Yes,Not Completed,6.4,62.7,51.0,63.0,57.0,63.7,Yes,Medium
STU1960,Akash Das,Female,17,Grade 11,Bachelor's Degree,12.3,70.0,Yes,Yes,Completed,6.1,54.1,45.0,54.0,47.0,46.1,No,High
STU1961,Lavanya Patel,Male,15,Grade 11,Bachelor's Degree,4.4,93.4,Yes,No,Completed,5.4,56.2,46.0,61.0,57.0,54.7,Yes,High
STU1962,Vikram Jain,Female,16,Grade 11,High School,7.4,51.7,Yes,No,Completed,6.4,35.0,46.0,36.0,30.0,36.2,No,High
STU1963,Manav Pandey,Female,17,Grade 10,Some College,5.8,85.1,Yes,Yes,Completed,8.5,49.2,52.0,51.0,46.0,45.2,No,High
STU1964,Aryan Joshi,Male,17,Grade 10,Some College,13.3,88.1,No,Yes,Not Completed,9.5,56.1,38.0,49.0,51.0,46.9,No,High
STU1965,Neha Kapoor,Male,17,Grade 11,Associate Degree,5.9,66.3,Yes,Yes,Completed,6.9,55.6,45.0,58.0,42.0,50.4,Yes,High
STU1966,Nisha Dhawan,Female,16,Grade 11,Associate Degree,11.4,84.0,Yes,Yes,Not Completed,7.6,37.7,38.0,36.0,33.0,42.1,No,High
STU1967,Aditya Iyer,Female,17,Grade 10,Some College,7.7,45.0,Yes,No,Completed,6.4,35.0,29.0,40.0,34.0,37.0,No,High
STU1968,Dev Banerjee,Female,19,Grade 11,Associate Degree,14.9,64.2,Yes,Yes,Completed,6.7,60.0,61.0,55.0,70.0,55.3,Yes,Medium
STU1969,Diya Nair,Female,15,Grade 12,Associate Degree,16.3,83.9,Yes,Yes,Not Completed,6.2,58.3,61.0,54.0,51.0,61.6,Yes,Medium
STU1970,Shreya Sharma,Female,18,Grade 11,Master's Degree,2.0,80.8,Yes,Yes,Not Completed,8.2,45.3,42.0,34.0,45.0,37.3,No,High
STU1971,Ritu Deshmukh,Male,19,Grade 11,Some College,8.7,76.3,Yes,Yes,Not Completed,7.5,48.3,58.0,49.0,54.0,57.1,Yes,Medium
STU1972,Shreya Kapoor,Male,18,Grade 10,Bachelor's Degree,12.8,63.9,Yes,Yes,Not Completed,6.7,41.7,42.0,44.0,44.0,45.4,No,High
STU1973,Akash Malhotra,Female,19,Grade 11,Associate Degree,6.8,81.7,Yes,No,Not Completed,6.9,51.7,53.0,53.0,50.0,60.9,Yes,Medium
STU1974,Aman Gupta,Male,18,Grade 12,Associate Degree,4.1,65.4,Yes,Yes,Not Completed,6.6,35.0,33.0,37.0,39.0,39.0,No,High
STU1975,Riya Pillai,Female,19,Grade 11,Bachelor's Degree,6.3,91.6,Yes,Yes,Completed,6.2,63.0,68.0,70.0,63.0,72.2,Yes,Medium
STU1976,Karan Sharma,Female,16,Grade 11,Some College,8.6,72.1,Yes,Yes,Completed,7.3,45.0,41.0,44.0,46.0,43.4,No,High
STU1977,Kritika Nair,Male,17,Grade 12,Associate Degree,4.6,90.3,Yes,No,Completed,6.2,43.7,42.0,34.0,32.0,40.6,No,High
STU1978,Rahul Kapoor,Male,16,Grade 11,High School,12.1,74.3,Yes,No,Not Completed,8.5,55.1,51.0,34.0,52.0,47.5,No,High
STU1979,Aman Rao,Male,16,Grade 11,Some College,2.0,86.1,Yes,Yes,Completed,8.6,42.2,48.0,31.0,48.0,48.4,No,High
STU1980,Tara Agarwal,Male,17,Grade 11,Bachelor's Degree,3.6,67.1,Yes,No,Not Completed,6.2,35.6,47.0,35.0,36.0,38.7,No,High
STU1981,Zara Dhawan,Male,16,Grade 12,Associate Degree,4.5,93.2,No,Yes,Completed,6.3,45.5,39.0,48.0,42.0,48.9,No,High
STU1982,Kabir Choudhary,Female,17,Grade 10,Associate Degree,5.1,66.9,Yes,No,Not Completed,7.9,37.9,34.0,48.0,40.0,47.5,No,High
STU1983,Neha Menon,Male,16,Grade 10,Some College,9.1,89.0,Yes,Yes,Completed,6.0,65.1,69.0,67.0,61.0,67.8,Yes,Medium
STU1984,Diya Das,Female,16,Grade 11,Some College,12.5,81.8,Yes,Yes,Not Completed,5.6,45.0,39.0,41.0,38.0,35.0,No,High
STU1985,Shreya Malhotra,Male,18,Grade 11,High School,14.1,95.5,Yes,Yes,Completed,7.2,59.4,65.0,57.0,63.0,60.2,Yes,Medium
STU1986,Rahul Singh,Male,15,Grade 12,Some College,2.6,57.1,Yes,Yes,Not Completed,7.3,35.0,25.0,43.0,37.0,40.0,No,High
STU1987,Ishaan Singh,Female,17,Grade 11,High School,14.6,90.7,Yes,No,Not Completed,4.7,48.4,55.0,46.0,44.0,52.0,Yes,High
STU1988,Arjun Srivastava,Male,17,Grade 11,Master's Degree,10.1,76.5,Yes,Yes,Not Completed,6.9,41.9,39.0,47.0,38.0,37.5,No,High
STU1989,Aisha Tiwari,Male,15,Grade 11,Master's Degree,7.2,69.9,Yes,Yes,Completed,7.9,45.3,51.0,49.0,30.0,45.7,No,High
STU1990,Meera Pandey,Female,19,Grade 12,Some College,10.1,71.0,Yes,No,Not Completed,4.6,50.5,48.0,55.0,53.0,54.4,Yes,High
STU1991,Varun Kapoor,Male,17,Grade 11,Bachelor's Degree,6.6,88.9,Yes,Yes,Completed,5.4,66.5,61.0,60.0,57.0,55.7,Yes,Medium
STU1992,Kartik Ghosh,Male,15,Grade 11,Bachelor's Degree,15.5,83.3,Yes,Yes,Completed,8.3,67.5,68.0,75.0,61.0,66.9,Yes,Medium
STU1993,Ritu Saxena,Male,16,Grade 10,Bachelor's Degree,8.0,94.9,Yes,Yes,Not Completed,7.3,54.5,47.0,54.0,50.0,56.7,Yes,Medium
STU1994,Tanvi Bhatt,Male,15,Grade 10,Associate Degree,10.5,75.3,No,Yes,Completed,6.5,61.9,65.0,56.0,51.0,51.6,Yes,High
STU1995,Ishaan Rao,Female,17,Grade 11,Some College,15.3,97.3,Yes,Yes,Not Completed,7.9,53.2,48.0,45.0,43.0,47.8,No,High
STU1996,Aryan Dhawan,Male,17,Grade 11,Some College,8.9,77.4,Yes,Yes,Not Completed,7.3,45.8,41.0,38.0,46.0,48.1,No,High
STU1997,Aisha Srivastava,Male,16,Grade 10,Associate Degree,6.0,82.6,Yes,Yes,Not Completed,8.8,56.6,58.0,45.0,43.0,56.7,Yes,Medium
STU1998,Priya Malhotra,Female,17,Grade 12,Master's Degree,9.5,89.9,Yes,No,Completed,6.0,78.1,75.0,83.0,75.0,72.9,Yes,Medium
STU1999,Sneha Agarwal,Female,18,Grade 10,Bachelor's Degree,16.5,82.1,Yes,Yes,Not Completed,8.0,59.5,67.0,52.0,49.0,55.7,Yes,Medium
STU2000,Arjun Reddy,Male,19,Grade 10,Some College,7.0,70.6,Yes,Yes,Not Completed,6.7,35.0,30.0,35.0,45.0,42.0,No,High
STU2001,Priya Sheikh,Female,15,Grade 11,Bachelor's Degree,4.5,91.0,Yes,Yes,Not Completed,7.0,55.9,37.0,53.0,64.0,55.5,Yes,Medium
STU2002,Ritu Verma,Female,18,Grade 11,Master's Degree,11.0,79.5,Yes,Yes,Completed,7.9,65.5,58.0,67.0,58.0,59.7,Yes,Medium
STU2003,Dev Iyer,Male,18,Grade 12,High School,19.7,94.6,Yes,Yes,Not Completed,8.3,65.6,59.0,61.0,59.0,56.1,Yes,Medium
STU2004,Kabir Malhotra,Female,15,Grade 10,Bachelor's Degree,9.2,92.8,Yes,Yes,Not Completed,8.1,61.6,48.0,57.0,61.0,56.8,Yes,Medium
STU2005,Nikhil Deshmukh,Male,18,Grade 12,Master's Degree,11.8,46.4,Yes,No,Completed,7.6,44.4,35.0,57.0,46.0,44.5,No,High
STU2006,Simran Srivastava,Female,19,Grade 10,Bachelor's Degree,7.0,83.5,Yes,Yes,Not Completed,7.6,47.1,61.0,48.0,47.0,55.6,Yes,Medium
STU2007,Kritika Pillai,Male,19,Grade 12,Some College,9.9,65.8,Yes,No,Completed,7.8,53.4,58.0,55.0,55.0,61.6,Yes,Medium
STU2008,Varun Mishra,Male,18,Grade 12,Master's Degree,11.4,45.0,Yes,No,Not Completed,6.8,49.5,51.0,52.0,43.0,44.7,No,High
STU2009,Dev Joshi,Male,17,Grade 11,High School,9.0,72.0,Yes,No,Not Completed,4.0,47.7,53.0,44.0,39.0,43.9,No,High
STU2010,Manav Tiwari,Female,17,Grade 10,Bachelor's Degree,13.2,81.4,Yes,No,Not Completed,6.5,59.1,62.0,59.0,54.0,58.0,Yes,Medium
STU2011,Aarav Malhotra,Male,17,Grade 11,Some College,8.0,95.4,Yes,No,Not Completed,6.9,55.4,56.0,52.0,54.0,46.6,No,High
STU2012,Varun Sharma,Male,18,Grade 11,Some College,10.4,87.0,Yes,Yes,Completed,6.6,68.0,71.0,53.0,61.0,63.9,Yes,Medium
STU2013,Aarav Menon,Male,19,Grade 10,Associate Degree,9.4,81.1,Yes,Yes,Completed,6.1,60.7,62.0,63.0,58.0,66.9,Yes,Medium
STU2014,Aarav Khan,Female,18,Grade 12,High School,9.2,80.0,Yes,No,Not Completed,7.2,44.2,35.0,48.0,44.0,49.2,No,High
STU2015,Tara Sheikh,Female,16,Grade 12,Some College,8.1,90.5,Yes,No,Not Completed,7.0,43.2,40.0,39.0,40.0,41.2,No,High
STU2016,Siddharth Jain,Female,17,Grade 10,High School,12.8,70.7,Yes,No,Not Completed,7.6,47.8,43.0,53.0,46.0,47.7,No,High
STU2017,Tara Iyer,Male,17,Grade 12,Master's Degree,6.0,71.1,Yes,No,Not Completed,4.6,40.6,35.0,43.0,29.0,36.0,No,High
STU2018,Varun Dhawan,Male,16,Grade 10,Associate Degree,5.0,86.3,Yes,No,Completed,6.0,50.2,46.0,38.0,55.0,50.2,Yes,High
STU2019,Riya Malhotra,Male,15,Grade 12,Some College,12.0,96.8,Yes,No,Not Completed,5.9,55.9,38.0,52.0,59.0,51.3,Yes,High
STU2020,Lavanya Srivastava,Male,19,Grade 11,Some College,7.8,95.7,Yes,No,Not Completed,7.1,48.8,60.0,55.0,44.0,57.0,Yes,Medium
STU2021,Aditya Deshmukh,Female,16,Grade 10,Some College,7.9,79.2,Yes,Yes,Completed,5.5,62.3,59.0,66.0,54.0,63.1,Yes,Medium
STU2022,Varun Patel,Female,15,Grade 11,Bachelor's Degree,10.4,89.7,No,Yes,Not Completed,7.3,52.0,48.0,51.0,66.0,57.0,Yes,Medium
STU2023,Simran Malhotra,Male,15,Grade 10,Some College,11.1,90.0,Yes,Yes,Not Completed,6.6,43.6,43.0,32.0,44.0,28.4,No,High
STU2024,Sneha Verma,Female,18,Grade 10,High School,14.2,72.7,Yes,No,Not Completed,8.0,44.7,36.0,52.0,51.0,43.2,No,High
STU2025,Tanvi Bhatt,Male,18,Grade 11,Some College,7.3,71.0,Yes,Yes,Not Completed,6.5,47.5,46.0,45.0,56.0,47.6,No,High
STU2026,Lavanya Gupta,Male,15,Grade 10,Associate Degree,12.2,93.9,No,Yes,Not Completed,6.8,60.4,49.0,62.0,50.0,56.1,Yes,Medium
STU2027,Ananya Dhawan,Male,15,Grade 12,Master's Degree,11.7,94.5,No,Yes,Not Completed,5.9,53.9,63.0,77.0,50.0,63.7,Yes,Medium
STU2028,Aman Kapoor,Female,17,Grade 11,Some College,2.5,74.2,Yes,Yes,Not Completed,7.0,41.7,42.0,40.0,46.0,40.3,No,High
STU2029,Aarav Krishnan,Female,18,Grade 11,High School,7.0,97.5,No,Yes,Completed,7.0,57.6,50.0,61.0,50.0,57.2,Yes,Medium
STU2030,Kavya Gupta,Female,18,Grade 12,Bachelor's Degree,11.3,89.0,Yes,No,Not Completed,6.5,58.0,50.0,44.0,62.0,46.1,No,High
STU2031,Arjun Agarwal,Male,18,Grade 12,Some College,6.5,80.7,Yes,Yes,Completed,5.1,48.9,48.0,38.0,46.0,47.0,No,High
STU2032,Pooja Deshmukh,Female,15,Grade 12,High School,9.6,80.8,Yes,Yes,Not Completed,5.6,47.4,58.0,44.0,44.0,53.4,Yes,High
STU2033,Neha Krishnan,Male,18,Grade 12,High School,6.5,87.8,No,Yes,Completed,6.6,44.9,47.0,35.0,56.0,40.8,No,High
STU2034,Pooja Banerjee,Male,15,Grade 12,High School,10.9,80.4,Yes,Yes,Completed,7.3,49.2,47.0,50.0,58.0,50.2,Yes,High
STU2035,Nisha Krishnan,Female,18,Grade 11,Master's Degree,11.9,68.3,Yes,No,Not Completed,8.0,45.4,46.0,30.0,49.0,41.3,No,High
STU2036,Aarav Mehta,Male,19,Grade 10,High School,16.7,72.1,Yes,No,Completed,6.9,50.7,48.0,47.0,54.0,45.9,No,High
STU2037,Zara Iyer,Female,15,Grade 12,High School,9.8,83.6,Yes,No,Completed,6.4,46.9,56.0,49.0,61.0,48.5,No,High
STU2038,Aman Verma,Male,15,Grade 10,High School,11.1,76.9,Yes,Yes,Completed,8.0,50.0,46.0,42.0,53.0,53.0,Yes,High
STU2039,Ishaan Ghosh,Female,19,Grade 11,Bachelor's Degree,9.1,92.3,Yes,Yes,Not Completed,4.6,57.5,54.0,68.0,63.0,66.3,Yes,Medium
STU2040,Ananya Singh,Male,16,Grade 12,Associate Degree,11.8,77.3,Yes,No,Not Completed,7.0,43.0,28.0,48.0,44.0,43.9,No,High
STU2041,Varun Nair,Female,18,Grade 10,Bachelor's Degree,9.7,87.2,Yes,Yes,Completed,8.0,63.5,60.0,65.0,61.0,61.4,Yes,Medium
STU2042,Karan Pandey,Male,16,Grade 10,High School,7.6,85.6,Yes,No,Not Completed,7.3,46.8,45.0,49.0,51.0,57.6,Yes,Medium
STU2043,Siddharth Pandey,Female,17,Grade 10,Some College,9.9,81.4,Yes,No,Not Completed,5.8,45.8,38.0,47.0,46.0,47.3,No,High
STU2044,Shreya Srivastava,Male,19,Grade 12,Some College,9.3,75.2,No,Yes,Not Completed,6.9,39.7,32.0,47.0,44.0,46.4,No,High
STU2045,Shreya Banerjee,Female,19,Grade 11,Associate Degree,9.9,89.6,Yes,No,Not Completed,7.0,54.7,31.0,44.0,39.0,41.7,No,High
STU2046,Karan Pillai,Male,19,Grade 12,High School,9.0,77.7,Yes,Yes,Not Completed,8.0,46.4,39.0,42.0,45.0,36.2,No,High
STU2047,Ishaan Reddy,Female,18,Grade 11,Some College,5.4,98.9,No,Yes,Not Completed,8.2,44.0,47.0,25.0,40.0,41.8,No,High
STU2048,Rahul Khan,Male,15,Grade 12,Some College,7.1,96.6,Yes,Yes,Not Completed,7.0,55.0,44.0,55.0,49.0,48.9,No,High
STU2049,Kartik Jain,Female,15,Grade 12,Some College,8.1,69.1,Yes,Yes,Completed,5.4,46.2,42.0,53.0,40.0,49.2,No,High
STU2050,Aisha Iyer,Male,15,Grade 12,Bachelor's Degree,16.7,68.9,Yes,No,Completed,5.6,56.9,51.0,61.0,57.0,52.5,Yes,High
STU2051,Varun Jain,Female,19,Grade 12,Master's Degree,5.0,94.2,No,No,Completed,7.1,48.3,42.0,60.0,41.0,49.5,No,High
STU2052,Shreya Verma,Male,17,Grade 11,Associate Degree,3.6,81.5,Yes,Yes,Not Completed,8.9,46.9,51.0,49.0,49.0,52.5,Yes,High
STU2053,Karan Krishnan,Female,19,Grade 12,Associate Degree,2.3,93.2,Yes,No,Completed,7.9,57.4,52.0,56.0,51.0,61.8,Yes,Medium
STU2054,Vikram Gupta,Female,16,Grade 10,Some College,7.4,73.9,No,Yes,Not Completed,8.1,36.1,38.0,45.0,39.0,42.1,No,High
STU2055,Aditya Nair,Male,16,Grade 10,Some College,6.1,91.1,Yes,Yes,Not Completed,6.6,54.1,46.0,54.0,47.0,53.0,Yes,High
STU2056,Rohan Jain,Male,19,Grade 12,Bachelor's Degree,7.8,70.2,Yes,Yes,Not Completed,8.8,45.0,37.0,44.0,48.0,45.8,No,High
STU2057,Kritika Tiwari,Female,17,Grade 10,Master's Degree,16.9,87.2,Yes,No,Not Completed,4.8,75.8,75.0,72.0,78.0,77.7,Yes,Low
STU2058,Suresh Reddy,Female,16,Grade 12,High School,17.7,83.8,Yes,Yes,Not Completed,7.7,58.6,43.0,58.0,53.0,54.4,Yes,High
STU2059,Shreya Joshi,Male,15,Grade 11,Some College,10.6,87.1,Yes,Yes,Not Completed,6.8,47.8,44.0,37.0,43.0,45.9,No,High
STU2060,Neha Bhatt,Male,15,Grade 12,Associate Degree,6.7,82.3,Yes,Yes,Completed,9.1,52.8,52.0,40.0,48.0,56.3,Yes,Medium
STU2061,Simran Gupta,Female,17,Grade 10,Bachelor's Degree,7.5,69.5,Yes,Yes,Not Completed,8.4,47.2,51.0,53.0,55.0,51.7,Yes,High
STU2062,Nisha Nair,Female,16,Grade 12,Associate Degree,3.3,70.2,Yes,Yes,Not Completed,8.3,35.7,30.0,33.0,44.0,34.4,No,High
STU2063,Siddharth Banerjee,Female,19,Grade 12,High School,15.6,89.8,Yes,No,Not Completed,9.1,49.6,31.0,49.0,43.0,40.3,No,High
STU2064,Kavya Kapoor,Male,15,Grade 12,Some College,6.4,79.6,No,Yes,Not Completed,6.9,35.0,25.0,31.0,29.0,33.2,No,High
STU2065,Akash Pandey,Male,18,Grade 10,High School,11.6,88.2,Yes,No,Not Completed,5.6,38.0,41.0,25.0,42.0,38.9,No,High
STU2066,Ishaan Kapoor,Male,19,Grade 11,Associate Degree,9.3,83.8,Yes,Yes,Not Completed,6.3,41.4,47.0,38.0,43.0,40.9,No,High
STU2067,Ishaan Srivastava,Male,17,Grade 12,Some College,3.0,60.1,Yes,No,Not Completed,4.4,35.0,25.0,35.0,29.0,32.2,No,High
STU2068,Karan Khan,Male,18,Grade 12,Associate Degree,21.8,86.1,Yes,Yes,Completed,7.9,80.7,80.0,73.0,81.0,75.5,Yes,Low
STU2069,Karan Iyer,Female,18,Grade 12,Master's Degree,12.6,93.2,Yes,Yes,Not Completed,5.4,61.5,61.0,47.0,65.0,56.3,Yes,Medium
STU2070,Rahul Khan,Male,18,Grade 11,Master's Degree,14.2,78.9,Yes,Yes,Completed,7.8,67.8,68.0,62.0,70.0,68.1,Yes,Medium
STU2071,Aarav Gupta,Male,19,Grade 10,Some College,8.1,57.7,No,Yes,Not Completed,7.5,37.0,29.0,25.0,28.0,30.2,No,High
STU2072,Bhavna Malhotra,Male,15,Grade 11,Bachelor's Degree,8.9,73.9,Yes,No,Not Completed,8.0,45.2,45.0,38.0,32.0,38.1,No,High
STU2073,Dev Agarwal,Male,15,Grade 12,High School,5.7,77.9,Yes,Yes,Not Completed,7.4,38.2,40.0,48.0,36.0,44.4,No,High
STU2074,Simran Verma,Female,15,Grade 11,High School,5.5,74.6,Yes,Yes,Completed,5.5,43.9,36.0,51.0,36.0,44.1,No,High
STU2075,Nikhil Verma,Female,17,Grade 11,Associate Degree,9.9,56.4,Yes,Yes,Not Completed,6.7,44.8,50.0,31.0,42.0,42.2,No,High
STU2076,Kritika Iyer,Female,17,Grade 11,Associate Degree,12.7,85.3,Yes,Yes,Completed,7.8,63.0,54.0,71.0,46.0,55.4,Yes,Medium
STU2077,Sneha Sheikh,Female,15,Grade 12,Some College,5.9,84.8,Yes,No,Not Completed,6.8,49.2,71.0,50.0,51.0,55.5,Yes,Medium
STU2078,Karan Das,Female,18,Grade 12,Master's Degree,4.6,76.2,No,No,Not Completed,6.4,41.5,33.0,40.0,46.0,39.4,No,High
STU2079,Akash Nair,Male,15,Grade 12,Some College,12.6,90.7,Yes,No,Completed,8.0,61.3,55.0,47.0,62.0,53.0,Yes,High
STU2080,Akash Jain,Female,15,Grade 11,High School,15.3,87.2,Yes,Yes,Completed,7.8,65.2,60.0,53.0,66.0,55.6,Yes,Medium
STU2081,Nikhil Menon,Male,15,Grade 10,Some College,3.8,52.4,Yes,Yes,Not Completed,7.4,35.0,28.0,33.0,36.0,38.0,No,High
STU2082,Suresh Sharma,Male,15,Grade 11,High School,11.1,89.3,No,Yes,Not Completed,6.3,35.0,45.0,30.0,31.0,40.7,No,High
STU2083,Bhavna Gupta,Male,19,Grade 12,Some College,11.0,78.3,Yes,No,Not Completed,5.3,57.9,54.0,48.0,62.0,57.6,Yes,Medium
STU2084,Diya Deshmukh,Female,16,Grade 10,Some College,6.7,73.4,Yes,Yes,Not Completed,9.1,36.2,66.0,42.0,40.0,49.1,No,High
STU2085,Zara Srivastava,Female,16,Grade 11,Associate Degree,17.2,97.3,No,Yes,Completed,7.9,59.0,59.0,64.0,61.0,62.6,Yes,Medium
STU2086,Aryan Sheikh,Female,16,Grade 11,Bachelor's Degree,19.8,86.9,Yes,No,Not Completed,4.8,66.1,66.0,56.0,66.0,61.6,Yes,Medium
STU2087,Sneha Das,Female,19,Grade 11,Some College,8.8,82.0,Yes,Yes,Completed,7.6,50.0,55.0,44.0,48.0,45.8,No,High
STU2088,Rahul Joshi,Male,19,Grade 11,Associate Degree,14.0,79.7,Yes,Yes,Not Completed,7.0,49.0,42.0,63.0,42.0,47.2,No,High
STU2089,Kabir Malhotra,Male,19,Grade 10,Associate Degree,4.1,80.5,Yes,No,Not Completed,6.6,35.8,38.0,37.0,34.0,41.2,No,High
STU2090,Shreya Sheikh,Female,19,Grade 12,High School,5.6,76.5,Yes,Yes,Not Completed,6.4,35.0,34.0,33.0,30.0,30.7,No,High
STU2091,Bhavna Iyer,Female,15,Grade 11,Bachelor's Degree,7.7,73.2,Yes,Yes,Completed,8.1,51.6,58.0,45.0,58.0,52.9,Yes,High
STU2092,Tara Deshmukh,Female,15,Grade 12,Master's Degree,10.6,90.1,Yes,Yes,Not Completed,9.0,53.1,59.0,55.0,55.0,56.1,Yes,Medium
STU2093,Manav Menon,Male,17,Grade 10,Some College,12.2,63.3,Yes,Yes,Not Completed,8.3,40.8,34.0,26.0,35.0,34.2,No,High
STU2094,Karan Pandey,Female,17,Grade 10,Master's Degree,9.3,86.1,Yes,Yes,Completed,7.0,51.3,46.0,58.0,47.0,49.4,No,High
STU2095,Nikhil Srivastava,Female,18,Grade 10,Some College,12.5,85.4,Yes,No,Not Completed,6.4,42.1,43.0,45.0,41.0,51.1,Yes,High
STU2096,Dev Banerjee,Male,16,Grade 12,Master's Degree,4.5,85.3,Yes,No,Not Completed,7.9,41.8,36.0,49.0,41.0,39.8,No,High
STU2097,Sneha Krishnan,Female,16,Grade 12,Some College,4.8,74.7,Yes,Yes,Not Completed,6.7,40.7,34.0,37.0,42.0,45.3,No,High
STU2098,Diya Saxena,Female,17,Grade 12,Associate Degree,11.1,82.3,Yes,Yes,Not Completed,8.2,46.9,44.0,47.0,51.0,45.3,No,High
STU2099,Meera Mishra,Male,18,Grade 10,Master's Degree,6.8,91.9,No,No,Not Completed,6.7,57.7,47.0,48.0,55.0,52.0,Yes,High
STU2100,Tanvi Agarwal,Female,16,Grade 12,Some College,7.1,52.1,No,Yes,Not Completed,4.8,35.0,37.0,27.0,28.0,26.9,No,High
STU2101,Bhavna Tiwari,Male,19,Grade 12,Master's Degree,10.9,89.1,Yes,Yes,Not Completed,8.5,62.7,63.0,60.0,56.0,67.9,Yes,Medium
STU2102,Diya Patel,Male,19,Grade 12,Some College,8.6,78.2,Yes,No,Completed,6.0,50.3,53.0,58.0,46.0,58.2,Yes,Medium
STU2103,Bhavna Gupta,Male,16,Grade 10,Master's Degree,22.5,78.4,No,Yes,Not Completed,7.4,70.9,57.0,75.0,66.0,66.6,Yes,Medium
STU2104,Aryan Banerjee,Male,15,Grade 11,High School,5.5,67.6,Yes,Yes,Not Completed,5.8,42.3,48.0,51.0,49.0,50.3,Yes,High
STU2105,Aarav Reddy,Male,17,Grade 12,Some College,3.8,74.2,No,Yes,Completed,7.0,47.0,42.0,39.0,44.0,42.3,No,High
STU2106,Aisha Nair,Female,17,Grade 12,High School,15.5,87.1,Yes,No,Not Completed,5.8,50.1,54.0,57.0,43.0,51.0,Yes,High
STU2107,Siddharth Choudhary,Male,19,Grade 12,Master's Degree,11.5,89.7,Yes,Yes,Not Completed,6.4,48.9,41.0,47.0,31.0,41.3,No,High
STU2108,Arjun Deshmukh,Male,19,Grade 12,Bachelor's Degree,4.0,79.1,Yes,No,Not Completed,5.9,47.5,43.0,46.0,49.0,51.3,Yes,High
STU2109,Sneha Kapoor,Female,19,Grade 11,High School,5.0,79.2,No,Yes,Completed,5.1,52.1,47.0,41.0,47.0,47.7,No,High
STU2110,Neha Patel,Female,16,Grade 12,Some College,5.7,66.0,Yes,No,Not Completed,7.5,35.0,53.0,35.0,30.0,47.5,No,High
STU2111,Pooja Rao,Male,18,Grade 12,Some College,6.0,86.4,Yes,Yes,Completed,8.3,46.0,48.0,46.0,52.0,52.6,Yes,High
STU2112,Ishaan Patel,Male,17,Grade 11,Associate Degree,19.1,92.9,No,Yes,Completed,6.3,68.7,73.0,75.0,67.0,80.3,Yes,Low
STU2113,Pooja Iyer,Male,15,Grade 12,High School,7.5,86.3,Yes,Yes,Not Completed,7.9,46.0,51.0,45.0,30.0,46.7,No,High
STU2114,Rahul Jain,Female,19,Grade 11,Some College,11.8,51.0,Yes,No,Not Completed,7.9,41.9,47.0,43.0,47.0,44.0,No,High
STU2115,Dev Verma,Male,18,Grade 12,Master's Degree,4.3,91.1,Yes,No,Completed,8.0,68.1,56.0,76.0,69.0,63.4,Yes,Medium
STU2116,Kabir Joshi,Male,19,Grade 12,Bachelor's Degree,7.7,70.6,Yes,No,Not Completed,8.9,44.8,50.0,33.0,52.0,45.4,No,High
STU2117,Ritu Choudhary,Male,16,Grade 12,Associate Degree,5.1,79.2,Yes,Yes,Completed,6.4,36.0,25.0,37.0,42.0,49.6,No,High
STU2118,Diya Menon,Male,19,Grade 11,Some College,8.7,94.2,Yes,No,Not Completed,8.6,47.8,51.0,52.0,45.0,51.1,Yes,High
STU2119,Harsh Malhotra,Female,16,Grade 12,Associate Degree,16.6,64.9,Yes,No,Completed,8.4,57.2,63.0,55.0,57.0,57.5,Yes,Medium
STU2120,Varun Banerjee,Female,17,Grade 12,High School,4.8,85.6,Yes,Yes,Not Completed,7.7,36.5,34.0,30.0,31.0,36.6,No,High
STU2121,Bhavna Malhotra,Male,16,Grade 12,Bachelor's Degree,13.3,83.8,No,Yes,Completed,7.0,71.0,69.0,61.0,57.0,68.5,Yes,Medium
STU2122,Akash Mehta,Male,15,Grade 12,High School,17.6,90.8,Yes,No,Completed,7.4,60.5,43.0,61.0,59.0,57.4,Yes,Medium
STU2123,Varun Krishnan,Female,17,Grade 10,Associate Degree,5.3,88.3,Yes,No,Not Completed,8.3,40.5,49.0,32.0,42.0,54.0,Yes,High
STU2124,Priya Deshmukh,Male,18,Grade 11,Bachelor's Degree,3.4,66.4,Yes,Yes,Completed,6.9,49.3,41.0,34.0,46.0,35.5,No,High
STU2125,Harsh Dhawan,Female,16,Grade 10,Master's Degree,7.2,68.5,No,Yes,Not Completed,7.3,42.7,34.0,46.0,31.0,35.0,No,High
STU2126,Kabir Kapoor,Female,19,Grade 12,Some College,10.2,92.3,Yes,Yes,Not Completed,7.7,49.8,52.0,28.0,56.0,49.4,No,High
STU2127,Simran Choudhary,Female,16,Grade 12,Some College,11.6,85.5,No,No,Not Completed,9.3,47.2,40.0,47.0,44.0,46.1,No,High
STU2128,Priya Pandey,Female,18,Grade 10,Some College,7.1,72.6,Yes,No,Completed,5.4,47.0,51.0,49.0,51.0,47.9,No,High
STU2129,Kartik Das,Male,16,Grade 11,Bachelor's Degree,4.8,95.5,Yes,No,Not Completed,6.1,62.2,61.0,56.0,60.0,59.3,Yes,Medium
STU2130,Shreya Das,Female,16,Grade 10,Associate Degree,14.0,85.1,Yes,No,Not Completed,7.4,52.7,49.0,59.0,61.0,62.5,Yes,Medium
STU2131,Dev Gupta,Male,15,Grade 11,High School,12.4,81.4,Yes,No,Not Completed,8.3,52.5,46.0,47.0,53.0,59.1,Yes,Medium
STU2132,Manav Choudhary,Female,16,Grade 10,Master's Degree,9.4,83.7,Yes,No,Completed,7.1,61.7,71.0,60.0,73.0,69.2,Yes,Medium
STU2133,Riya Srivastava,Male,17,Grade 11,Some College,7.0,87.2,Yes,No,Not Completed,9.2,48.7,60.0,47.0,46.0,51.6,Yes,High
STU2134,Kavya Menon,Male,15,Grade 12,High School,5.8,87.3,Yes,Yes,Not Completed,8.7,35.0,45.0,30.0,28.0,44.6,No,High
STU2135,Siddharth Deshmukh,Male,19,Grade 12,High School,13.3,94.3,Yes,No,Not Completed,5.3,56.3,46.0,62.0,51.0,57.1,Yes,Medium
STU2136,Akash Gupta,Female,18,Grade 11,High School,4.8,87.7,Yes,No,Not Completed,7.9,42.7,44.0,51.0,37.0,41.0,No,High
STU2137,Rohan Iyer,Male,15,Grade 12,Associate Degree,8.8,66.3,Yes,Yes,Not Completed,5.0,41.3,49.0,28.0,51.0,48.0,No,High
STU2138,Siddharth Singh,Female,17,Grade 11,Some College,12.9,59.1,Yes,No,Not Completed,5.6,45.5,42.0,40.0,42.0,50.1,Yes,High
STU2139,Zara Mishra,Male,18,Grade 10,Associate Degree,6.2,94.5,Yes,Yes,Not Completed,8.6,55.8,52.0,50.0,49.0,53.5,Yes,High
STU2140,Tara Saxena,Female,19,Grade 10,High School,9.2,93.8,Yes,Yes,Not Completed,7.2,52.8,40.0,41.0,48.0,51.6,Yes,High
STU2141,Lavanya Srivastava,Female,19,Grade 10,Bachelor's Degree,8.2,91.8,No,Yes,Not Completed,8.5,55.4,45.0,56.0,65.0,61.6,Yes,Medium
STU2142,Riya Malhotra,Male,18,Grade 11,Associate Degree,15.6,73.5,Yes,Yes,Not Completed,7.2,64.1,65.0,58.0,64.0,56.0,Yes,Medium
STU2143,Harsh Patel,Female,18,Grade 12,Some College,13.6,71.1,Yes,Yes,Not Completed,6.2,57.6,49.0,53.0,49.0,46.6,No,High
STU2144,Aditya Pillai,Female,17,Grade 11,High School,6.6,92.1,Yes,No,Completed,5.5,54.3,55.0,50.0,54.0,55.4,Yes,Medium
STU2145,Ishaan Krishnan,Female,15,Grade 12,Bachelor's Degree,6.6,82.2,Yes,Yes,Not Completed,8.8,52.2,53.0,59.0,52.0,53.0,Yes,High
STU2146,Harsh Khan,Female,19,Grade 12,Master's Degree,13.6,89.9,Yes,Yes,Completed,6.8,74.6,75.0,66.0,76.0,68.9,Yes,Medium
STU2147,Siddharth Mehta,Male,19,Grade 11,Bachelor's Degree,2.7,85.3,Yes,Yes,Not Completed,5.2,46.1,42.0,40.0,45.0,37.7,No,High
STU2148,Rohan Mehta,Male,19,Grade 12,Master's Degree,6.6,53.8,Yes,No,Not Completed,6.1,35.0,33.0,42.0,44.0,38.9,No,High
STU2149,Diya Mehta,Female,16,Grade 12,Associate Degree,8.1,86.0,Yes,No,Completed,7.2,59.0,50.0,56.0,50.0,48.8,No,High
STU2150,Ananya Bhatt,Male,17,Grade 12,High School,5.5,98.1,Yes,No,Not Completed,5.4,45.3,43.0,51.0,44.0,54.8,Yes,High
STU2151,Harsh Saxena,Female,15,Grade 10,High School,11.0,60.6,Yes,No,Not Completed,7.5,38.6,37.0,44.0,36.0,43.3,No,High
STU2152,Aditya Sharma,Male,15,Grade 11,High School,11.5,73.7,Yes,Yes,Not Completed,6.3,49.5,37.0,49.0,55.0,49.7,No,High
STU2153,Shreya Ghosh,Female,19,Grade 11,Master's Degree,4.2,83.9,Yes,No,Not Completed,5.7,40.6,36.0,27.0,42.0,29.9,No,High
STU2154,Kavya Agarwal,Male,18,Grade 11,Bachelor's Degree,3.7,64.7,Yes,No,Not Completed,7.9,41.7,35.0,41.0,35.0,29.9,No,High
STU2155,Harsh Joshi,Female,16,Grade 12,Bachelor's Degree,13.2,70.0,Yes,No,Not Completed,7.4,45.7,45.0,57.0,41.0,49.7,No,High
STU2156,Simran Agarwal,Female,16,Grade 10,Associate Degree,10.0,88.0,Yes,Yes,Completed,7.7,60.5,50.0,54.0,62.0,66.0,Yes,Medium
STU2157,Ananya Pandey,Female,16,Grade 10,High School,6.5,84.9,No,No,Not Completed,5.5,35.0,36.0,25.0,30.0,38.3,No,High
STU2158,Akash Mishra,Male,15,Grade 10,High School,5.0,82.3,No,Yes,Not Completed,6.4,36.6,38.0,42.0,44.0,48.2,No,High
STU2159,Arjun Bhatt,Female,16,Grade 12,Bachelor's Degree,12.7,84.2,Yes,No,Not Completed,6.8,58.0,56.0,59.0,74.0,58.0,Yes,Medium
STU2160,Aryan Kapoor,Male,19,Grade 11,High School,4.7,76.3,No,No,Not Completed,7.4,35.0,38.0,40.0,28.0,41.9,No,High
STU2161,Rohan Joshi,Male,17,Grade 11,Master's Degree,5.0,86.0,Yes,No,Completed,7.8,55.5,45.0,51.0,68.0,53.4,Yes,High
STU2162,Siddharth Reddy,Male,19,Grade 10,High School,6.6,82.8,Yes,No,Completed,6.5,56.5,51.0,52.0,55.0,58.2,Yes,Medium
STU2163,Aryan Das,Female,15,Grade 12,High School,15.4,70.3,Yes,Yes,Completed,7.6,45.5,46.0,32.0,41.0,40.1,No,High
STU2164,Simran Rao,Male,19,Grade 10,Bachelor's Degree,5.0,70.3,Yes,No,Not Completed,6.9,35.0,32.0,36.0,30.0,44.5,No,High
STU2165,Nisha Singh,Female,19,Grade 12,Some College,4.7,80.0,Yes,No,Not Completed,5.6,35.0,36.0,30.0,34.0,40.7,No,High
STU2166,Bhavna Joshi,Male,19,Grade 12,Associate Degree,21.7,78.0,Yes,No,Completed,8.8,65.5,65.0,66.0,56.0,57.3,Yes,Medium
STU2167,Aryan Menon,Male,17,Grade 12,High School,7.8,77.2,Yes,No,Not Completed,8.3,45.6,44.0,48.0,48.0,46.0,No,High
STU2168,Akash Pandey,Female,19,Grade 12,Some College,9.3,74.3,Yes,Yes,Completed,6.5,53.0,59.0,61.0,55.0,55.6,Yes,Medium
STU2169,Shreya Ghosh,Male,16,Grade 12,High School,6.7,86.9,Yes,Yes,Not Completed,5.9,43.4,44.0,38.0,34.0,52.0,Yes,High
STU2170,Dev Saxena,Female,15,Grade 10,Associate Degree,5.8,88.5,Yes,Yes,Not Completed,7.6,53.1,42.0,47.0,52.0,50.1,Yes,High
STU2171,Priya Pillai,Female,16,Grade 12,Some College,8.5,71.8,No,Yes,Not Completed,7.0,36.4,40.0,40.0,40.0,40.6,No,High
STU2172,Manav Bhatt,Female,17,Grade 11,Some College,11.0,60.9,Yes,Yes,Completed,4.0,46.6,64.0,54.0,39.0,51.2,Yes,High
STU2173,Neha Agarwal,Female,16,Grade 12,Bachelor's Degree,8.6,61.6,No,Yes,Not Completed,7.0,35.0,49.0,42.0,28.0,40.3,No,High
STU2174,Aryan Tiwari,Female,17,Grade 11,High School,6.9,90.9,Yes,Yes,Not Completed,5.1,39.6,42.0,42.0,41.0,44.1,No,High
STU2175,Kartik Deshmukh,Female,15,Grade 12,Master's Degree,5.6,58.0,No,No,Not Completed,4.5,36.5,33.0,35.0,37.0,36.0,No,High
STU2176,Tanvi Rao,Male,19,Grade 12,Associate Degree,11.2,75.6,Yes,No,Not Completed,8.8,44.2,44.0,48.0,39.0,45.9,No,High
STU2177,Priya Kapoor,Female,17,Grade 11,High School,12.7,54.6,Yes,No,Completed,6.1,43.7,37.0,34.0,42.0,36.5,No,High
STU2178,Aman Das,Female,16,Grade 11,Associate Degree,8.8,84.0,Yes,Yes,Not Completed,6.8,44.0,48.0,34.0,36.0,39.5,No,High
STU2179,Diya Pillai,Male,18,Grade 11,Some College,17.8,89.9,Yes,No,Not Completed,6.5,60.3,53.0,59.0,58.0,56.5,Yes,Medium
STU2180,Ananya Mishra,Male,19,Grade 12,Some College,10.2,92.6,Yes,Yes,Not Completed,7.0,52.8,50.0,44.0,51.0,45.5,No,High
STU2181,Priya Agarwal,Male,17,Grade 10,Associate Degree,7.4,77.4,Yes,No,Not Completed,7.1,37.9,41.0,38.0,30.0,40.9,No,High
STU2182,Diya Dhawan,Female,17,Grade 11,Some College,15.3,73.8,Yes,Yes,Completed,7.9,49.9,49.0,47.0,55.0,55.0,Yes,Medium
STU2183,Varun Mehta,Male,16,Grade 12,Some College,15.4,91.7,Yes,Yes,Not Completed,8.8,54.5,52.0,54.0,45.0,52.2,Yes,High
STU2184,Meera Mishra,Male,15,Grade 11,Bachelor's Degree,4.9,96.7,No,Yes,Not Completed,6.8,42.9,45.0,35.0,41.0,46.8,No,High
STU2185,Manav Joshi,Male,16,Grade 11,High School,10.2,61.4,No,Yes,Not Completed,7.8,45.2,45.0,51.0,44.0,50.3,Yes,High
STU2186,Harsh Mishra,Female,19,Grade 11,High School,9.1,86.2,Yes,No,Not Completed,6.2,53.8,49.0,54.0,55.0,56.4,Yes,Medium
STU2187,Riya Krishnan,Male,15,Grade 10,Master's Degree,12.2,87.0,Yes,Yes,Not Completed,5.6,57.9,60.0,68.0,52.0,56.9,Yes,Medium
STU2188,Sneha Srivastava,Female,18,Grade 12,Some College,17.0,95.2,Yes,Yes,Not Completed,7.0,58.9,60.0,66.0,70.0,64.4,Yes,Medium
STU2189,Diya Banerjee,Male,18,Grade 12,Master's Degree,15.7,88.6,Yes,No,Not Completed,7.1,60.8,69.0,69.0,58.0,64.2,Yes,Medium
STU2190,Bhavna Mishra,Male,16,Grade 10,Associate Degree,6.7,88.9,No,No,Not Completed,6.6,37.6,47.0,41.0,44.0,50.4,Yes,High
STU2191,Bhavna Malhotra,Female,15,Grade 11,Some College,5.2,90.0,No,Yes,Completed,7.8,50.8,47.0,62.0,39.0,43.1,No,High
STU2192,Siddharth Krishnan,Female,17,Grade 10,High School,5.1,62.0,No,Yes,Completed,6.6,38.1,30.0,25.0,44.0,33.2,No,High
STU2193,Suresh Joshi,Male,18,Grade 10,Some College,9.1,79.5,No,Yes,Not Completed,5.5,49.5,44.0,37.0,44.0,45.0,No,High
STU2194,Arjun Mishra,Female,19,Grade 11,Associate Degree,13.5,59.6,Yes,No,Completed,6.3,53.0,65.0,54.0,48.0,51.3,Yes,High
STU2195,Nisha Deshmukh,Female,16,Grade 11,Master's Degree,15.7,84.2,Yes,No,Completed,7.7,69.5,67.0,50.0,67.0,54.6,Yes,High
STU2196,Simran Deshmukh,Male,15,Grade 11,Some College,3.6,84.9,Yes,Yes,Completed,5.5,42.8,50.0,45.0,54.0,48.3,No,High
STU2197,Diya Mehta,Male,15,Grade 10,Bachelor's Degree,10.6,95.0,Yes,Yes,Not Completed,6.7,54.6,42.0,54.0,45.0,49.3,No,High
STU2198,Ritu Nair,Female,19,Grade 11,High School,2.0,71.5,No,Yes,Not Completed,4.7,35.0,37.0,36.0,28.0,29.5,No,High
STU2199,Neha Deshmukh,Male,16,Grade 12,Some College,9.0,91.3,Yes,Yes,Not Completed,6.0,40.5,45.0,36.0,40.0,37.8,No,High
STU2200,Aryan Iyer,Female,15,Grade 11,Associate Degree,5.1,70.5,No,No,Completed,8.0,49.4,37.0,57.0,50.0,49.7,No,High
